census_day,census_transect,census_segment,census_code,lat_seg_start,lon_seg_start,lat_seg_end,lon_seg_end,dt_seg_start_gmt,dt_seg_end_gmt,time_seg_start_gmt,time_seg_end_gmt,seg_length_km,altitude_m,speed_km_h,bin_width,cum_seg_length_km,side_helicopter,number_ind_tot,number_ind_bin_1,number_ind_bin_2,number_ind_bin_3,number_ind_bin_4,number_ind_bin_5,sic_per,ice_floe_per,brash_ice_per,cake_ice_per,small_floe_10-100m_per,med_floe_100-500m_per,large_floe_500m_per,air_temp_trans_C,wind_speed_trans_ms,visibility,glare,contrast,heli_type,lon_seg_mid...38,lat_seg_mid...39,lon_seg_mid...40,lat_seg_mid...41,basisOfRecord
2,1,1,2_1_1,-70.576,-8.149333,-70.382667,-8.168333,1998-01-24T11:57:00Z,1998-01-24T12:00:30Z,11:57:00,NA,NA,91.44,148.16,465.78,7.19,Left,0,0,0,0,0,0,70,70,0,0,0,0,0,-3.3,14.4,excellent,no,high,Bell Long Ranger II,-8.158878175648084,-70.47933426708082,-8.158878175648084,-70.47933426708082,HUMAN_OBSERVATION
2,1,2,2_1_2,-70.576,-8.149333,-70.382667,-8.168333,1998-01-24T12:00:30Z,1998-01-24T12:04:00Z,NA,NA,NA,91.44,148.16,465.78,7.19,Left,4,1,1,0,2,0,50,50,0,0,0,0,0,NA,NA,NA,NA,NA,Bell Long Ranger II,-8.158878175648084,-70.47933426708082,-8.158878175648084,-70.47933426708082,HUMAN_OBSERVATION
2,1,3,2_1_3,-70.576,-8.149333,-70.382667,-8.168333,1998-01-24T12:04:00Z,1998-01-24T12:08:00Z,NA,12:08:00,21.49,91.44,148.16,465.78,7.19,Left,4,0,0,4,0,0,20,20,0,0,0,0,0,NA,NA,NA,NA,NA,Bell Long Ranger II,-8.158878175648084,-70.47933426708082,-8.158878175648084,-70.47933426708082,HUMAN_OBSERVATION
2,2,1,2_2_1,-70.382667,-8.168333,-70.385333,-8.8065,1998-01-24T12:08:00Z,1998-01-24T12:10:30Z,12:08:00,NA,NA,91.44,148.16,465.78,7.98,Left,1,0,0,1,0,0,10,10,0,0,0,0,0,NA,NA,NA,NA,NA,Bell Long Ranger II,-8.487395686240983,-70.38428118364158,-8.487395686240983,-70.38428118364158,HUMAN_OBSERVATION
2,2,2,2_2_2,-70.382667,-8.168333,-70.385333,-8.8065,1998-01-24T12:10:30Z,1998-01-24T12:12:00Z,NA,NA,NA,91.44,148.16,465.78,7.98,Left,10,3,6,1,0,0,18,18,0,0,0,0,0,NA,NA,NA,NA,NA,Bell Long Ranger II,-8.487395686240983,-70.38428118364158,-8.487395686240983,-70.38428118364158,HUMAN_OBSERVATION
2,2,3,2_2_3,-70.382667,-8.168333,-70.385333,-8.8065,1998-01-24T12:12:00Z,1998-01-24T12:15:00Z,NA,12:15:00,23.81,91.44,148.16,465.78,7.98,Left,1,0,1,0,0,0,5,5,0,0,0,0,0,NA,NA,NA,NA,NA,Bell Long Ranger II,-8.487395686240983,-70.38428118364158,-8.487395686240983,-70.38428118364158,HUMAN_OBSERVATION
2,3,1,2_3_1,-70.385333,-8.8065,-70.526,-8.6875,1998-01-24T12:18:00Z,1998-01-24T12:21:00Z,12:18:00,NA,NA,91.44,148.16,465.78,8.17,Left,2,0,0,1,1,0,18,18,0,0,0,0,0,NA,NA,NA,NA,NA,Bell Long Ranger II,-8.747205595621557,-70.45567652202402,-8.747205595621557,-70.45567652202402,HUMAN_OBSERVATION
2,3,2,2_3_2,-70.385333,-8.8065,-70.526,-8.6875,1998-01-24T12:21:00Z,1998-01-24T12:25:00Z,NA,12:25:00,16.24,91.44,148.16,465.78,8.17,Left,2,0,0,0,1,1,18,18,0,0,0,0,0,NA,NA,NA,NA,NA,Bell Long Ranger II,-8.747205595621557,-70.45567652202402,-8.747205595621557,-70.45567652202402,HUMAN_OBSERVATION
2,4,1,2_4_1,-70.526,-8.6875,-70.527833,-8.855,1998-01-24T12:31:00Z,1998-01-24T12:32:30Z,12:31:00,NA,NA,91.44,148.16,465.78,7.41,Left,5,0,0,1,0,4,30,30,0,0,0,0,0,NA,NA,NA,NA,NA,Bell Long Ranger II,-8.771246214093582,-70.5269357522107,-8.771246214093582,-70.5269357522107,HUMAN_OBSERVATION
2,4,2,2_4_2,-70.526,-8.6875,-70.527833,-8.855,1998-01-24T12:32:30Z,1998-01-24T12:35:00Z,NA,NA,NA,91.44,148.16,465.78,7.41,Left,7,0,2,1,0,4,21,21,0,0,0,0,0,NA,NA,NA,NA,NA,Bell Long Ranger II,-8.771246214093582,-70.5269357522107,-8.771246214093582,-70.5269357522107,HUMAN_OBSERVATION
2,4,3,2_4_3,-70.526,-8.6875,-70.527833,-8.855,1998-01-24T12:35:00Z,1998-01-24T12:38:00Z,NA,12:38:00,6.21,91.44,148.16,465.78,7.41,Left,0,0,0,0,0,0,1,1,0,0,0,0,0,NA,NA,NA,NA,NA,Bell Long Ranger II,-8.771246214093582,-70.5269357522107,-8.771246214093582,-70.5269357522107,HUMAN_OBSERVATION
2,5,1,2_5_1,-70.527833,-8.855,-70.375333,-8.842167,1998-01-24T12:39:00Z,1998-01-24T12:38:30Z,12:39:00,NA,NA,91.44,148.16,465.78,5.67,Left,1,0,0,1,0,0,1,1,0,0,0,0,0,NA,NA,NA,NA,NA,Bell Long Ranger II,-8.848559468864378,-70.4515834365909,-8.848559468864378,-70.4515834365909,HUMAN_OBSERVATION
2,5,2,2_5_2,-70.527833,-8.855,-70.375333,-8.842167,1998-01-24T12:38:30Z,1998-01-24T12:41:30Z,NA,NA,NA,91.44,148.16,465.78,5.67,Left,3,0,0,0,3,0,1,1,0,0,0,0,0,NA,NA,NA,NA,NA,Bell Long Ranger II,-8.848559468864378,-70.4515834365909,-8.848559468864378,-70.4515834365909,HUMAN_OBSERVATION
2,5,3,2_5_3,-70.527833,-8.855,-70.375333,-8.842167,1998-01-24T12:41:30Z,1998-01-24T12:45:00Z,NA,12:45:00,16.95,91.44,148.16,465.78,5.67,Left,8,1,5,0,0,2,5,5,0,0,0,0,0,NA,NA,NA,NA,NA,Bell Long Ranger II,-8.848559468864378,-70.4515834365909,-8.848559468864378,-70.4515834365909,HUMAN_OBSERVATION
2,6,1,2_6_1,-70.375333,-8.842167,-70.374833,-9.426333,1998-01-24T12:48:00Z,1998-01-24T12:50:30Z,12:48:00,NA,NA,91.44,148.16,465.78,7.3,Left,9,3,1,1,3,1,8,8,0,0,0,0,0,NA,NA,NA,NA,NA,Bell Long Ranger II,-9.134253571474918,-70.37531870002388,-9.134253571474918,-70.37531870002388,HUMAN_OBSERVATION
2,6,2,2_6_2,-70.375333,-8.842167,-70.374833,-9.426333,1998-01-24T12:50:30Z,1998-01-24T12:53:00Z,NA,NA,NA,91.44,148.16,465.78,7.3,Left,4,1,0,0,3,0,25,25,0,0,0,0,0,NA,NA,NA,NA,NA,Bell Long Ranger II,-9.134253571474918,-70.37531870002388,-9.134253571474918,-70.37531870002388,HUMAN_OBSERVATION
2,6,3,2_6_3,-70.375333,-8.842167,-70.374833,-9.426333,1998-01-24T12:53:00Z,1998-01-24T12:55:00Z,NA,12:55:00,21.8,91.44,148.16,465.78,7.3,Left,5,0,0,0,5,0,50,50,0,0,0,0,0,NA,NA,NA,NA,NA,Bell Long Ranger II,-9.134253571474918,-70.37531870002388,-9.134253571474918,-70.37531870002388,HUMAN_OBSERVATION
3,1,1,3_1_1,-71.164,-12.362667,-70.821833,-12.357833,1998-01-25T11:33:00Z,1998-01-25T11:37:00Z,11:33:00,NA,NA,91.44,148.16,465.78,7.41,Left,0,0,0,0,0,0,30,30,0,0,0,0,0,-2.4,6.5,excellent,no,good,Bölkow Blohm 105,-12.36022906336572,-70.99291810480403,-12.36022906336572,-70.99291810480403,HUMAN_OBSERVATION
3,1,2,3_1_2,-71.164,-12.362667,-70.821833,-12.357833,1998-01-25T11:37:00Z,1998-01-25T11:41:00Z,NA,NA,NA,91.44,148.16,465.78,7.41,Left,0,0,0,0,0,0,10,10,0,0,0,0,0,NA,NA,NA,NA,NA,Bölkow Blohm 105,-12.36022906336572,-70.99291810480403,-12.36022906336572,-70.99291810480403,HUMAN_OBSERVATION
3,1,3,3_1_3,-71.164,-12.362667,-70.821833,-12.357833,1998-01-25T11:41:00Z,1998-01-25T11:45:00Z,NA,NA,NA,91.44,148.16,465.78,7.41,Left,0,0,0,0,0,0,18,18,0,0,0,0,0,NA,NA,NA,NA,NA,Bölkow Blohm 105,-12.36022906336572,-70.99291810480403,-12.36022906336572,-70.99291810480403,HUMAN_OBSERVATION
3,1,4,3_1_4,-71.164,-12.362667,-70.821833,-12.357833,1998-01-25T11:45:00Z,1998-01-25T11:49:00Z,NA,NA,NA,91.44,148.16,465.78,7.41,Left,0,0,0,0,0,0,10,10,0,0,0,0,0,NA,NA,NA,NA,NA,Bölkow Blohm 105,-12.36022906336572,-70.99291810480403,-12.36022906336572,-70.99291810480403,HUMAN_OBSERVATION
3,1,5,3_1_5,-71.164,-12.362667,-70.821833,-12.357833,1998-01-25T11:49:00Z,1998-01-25T11:54:00Z,NA,11:54:00,38.02,91.44,148.16,465.78,7.41,Left,1,0,0,0,1,0,5,5,0,0,0,0,0,NA,NA,NA,NA,NA,Bölkow Blohm 105,-12.36022906336572,-70.99291810480403,-12.36022906336572,-70.99291810480403,HUMAN_OBSERVATION
3,2,1,3_2_1,-70.8125,-11.905833,-71.039,-11.855833,1998-01-25T11:59:00Z,1998-01-25T12:03:00Z,11:59:00,NA,NA,91.44,148.16,465.78,8.45,Left,2,0,1,0,1,0,60,60,0,0,0,0,0,NA,NA,NA,NA,NA,Bölkow Blohm 105,-11.880975806049053,-70.92575238408423,-11.880975806049053,-70.92575238408423,HUMAN_OBSERVATION
3,2,2,3_2_2,-70.8125,-11.905833,-71.039,-11.855833,1998-01-25T12:03:00Z,1998-01-25T12:06:00Z,NA,NA,NA,91.44,148.16,465.78,8.45,Left,0,0,0,0,0,0,15,15,0,0,0,0,0,NA,NA,NA,NA,NA,Bölkow Blohm 105,-11.880975806049053,-70.92575238408423,-11.880975806049053,-70.92575238408423,HUMAN_OBSERVATION
3,2,3,3_2_3,-70.8125,-11.905833,-71.039,-11.855833,1998-01-25T12:06:00Z,1998-01-25T12:09:00Z,NA,NA,NA,91.44,148.16,465.78,8.45,Left,0,0,0,0,0,0,8,8,0,0,0,0,0,NA,NA,NA,NA,NA,Bölkow Blohm 105,-11.880975806049053,-70.92575238408423,-11.880975806049053,-70.92575238408423,HUMAN_OBSERVATION
3,2,4,3_2_4,-71.039,-11.854167,-71.1795,-11.841167,1998-01-25T12:09:00Z,1998-01-25T12:12:00Z,NA,12:12:00,40.85,91.44,148.16,465.78,15.69,Left,0,0,0,0,0,0,1,1,0,0,0,0,0,NA,NA,NA,NA,NA,Bölkow Blohm 105,-11.84769027316413,-71.10925037956294,-11.84769027316413,-71.10925037956294,HUMAN_OBSERVATION
3,3,1,3_3_1,-71.267833,-12.416,-71.2705,-13.0475,1998-01-25T12:23:00Z,1998-01-25T12:26:00Z,12:23:00,NA,NA,91.44,148.16,465.78,7.56,Left,4,0,0,0,1,3,5,5,0,0,0,0,0,NA,NA,NA,NA,NA,Bölkow Blohm 105,-12.731728342283397,-71.2694312730296,-12.731728342283397,-71.2694312730296,HUMAN_OBSERVATION
3,3,2,3_3_2,-71.267833,-12.416,-71.2705,-13.0475,1998-01-25T12:26:00Z,1998-01-25T12:28:30Z,NA,NA,NA,91.44,148.16,465.78,7.56,Left,0,0,0,0,0,0,3,3,0,0,0,0,0,NA,NA,NA,NA,NA,Bölkow Blohm 105,-12.731728342283397,-71.2694312730296,-12.731728342283397,-71.2694312730296,HUMAN_OBSERVATION
3,3,3,3_3_3,-71.267833,-12.416,-71.2705,-13.0475,1998-01-25T12:28:30Z,1998-01-25T12:31:00Z,NA,NA,NA,91.44,148.16,465.78,7.56,Left,0,0,0,0,0,0,3,3,0,0,0,0,0,NA,NA,NA,NA,NA,Bölkow Blohm 105,-12.731728342283397,-71.2694312730296,-12.731728342283397,-71.2694312730296,HUMAN_OBSERVATION
3,3,4,3_3_4,-71.2705,-13.0475,-71.2705,-13.0475,1998-01-25T12:31:00Z,1998-01-25T12:33:30Z,NA,NA,NA,91.44,148.16,465.78,7.33,Left,0,0,0,0,0,0,3,3,0,0,0,0,0,NA,NA,NA,NA,NA,Bölkow Blohm 105,-13.0475,-71.2705,-13.0475,-71.2705,HUMAN_OBSERVATION
3,3,5,3_3_5,-71.2705,-13.0475,-71.2705,-13.0475,1998-01-25T12:33:30Z,1998-01-25T12:36:00Z,NA,NA,NA,91.44,148.16,465.78,7.33,Left,0,0,0,0,0,0,3,3,0,0,0,0,0,NA,NA,NA,NA,NA,Bölkow Blohm 105,-13.0475,-71.2705,-13.0475,-71.2705,HUMAN_OBSERVATION
3,3,6,3_3_6,-71.2705,-13.0475,-71.277167,-13.660667,1998-01-25T12:36:00Z,1998-01-25T12:39:00Z,NA,12:39:00,44.42,91.44,148.16,465.78,7.33,Left,0,0,0,0,0,0,3,3,0,0,0,0,0,NA,NA,NA,NA,NA,Bölkow Blohm 105,-13.354030917436788,-71.27408307034734,-13.354030917436788,-71.27408307034734,HUMAN_OBSERVATION
3,4,1,3_4_1,-71.457833,-13.678,-71.457333,-13.046667,1998-01-25T12:47:00Z,1998-01-25T12:50:00Z,12:47:00,NA,NA,91.44,148.16,465.78,7.46,Left,0,0,0,0,0,0,5,5,0,0,0,0,0,NA,NA,NA,NA,NA,Bölkow Blohm 105,-13.362329396380614,-71.45784535229677,-13.362329396380614,-71.45784535229677,HUMAN_OBSERVATION
3,4,2,3_4_2,-71.457833,-13.678,-71.457333,-13.046667,1998-01-25T12:50:00Z,1998-01-25T12:52:30Z,NA,NA,NA,91.44,148.16,465.78,7.46,Left,1,0,0,0,0,1,8,8,0,0,0,0,0,NA,NA,NA,NA,NA,Bölkow Blohm 105,-13.362329396380614,-71.45784535229677,-13.362329396380614,-71.45784535229677,HUMAN_OBSERVATION
3,4,3,3_4_3,-71.457833,-13.678,-71.457333,-13.046667,1998-01-25T12:52:30Z,1998-01-25T12:55:00Z,NA,NA,NA,91.44,148.16,465.78,7.46,Left,0,0,0,0,0,0,5,5,0,0,0,0,0,NA,NA,NA,NA,NA,Bölkow Blohm 105,-13.362329396380614,-71.45784535229677,-13.362329396380614,-71.45784535229677,HUMAN_OBSERVATION
3,4,4,3_4_4,-71.457333,-13.046667,-71.457333,-13.046667,1998-01-25T12:55:00Z,1998-01-25T12:57:30Z,NA,NA,NA,91.44,148.16,465.78,6.26,Left,0,0,0,0,0,0,3,3,0,0,0,0,0,NA,NA,NA,NA,NA,Bölkow Blohm 105,-13.046667,-71.457333,-13.046667,-71.457333,HUMAN_OBSERVATION
3,4,5,3_4_5,-71.457333,-13.046667,-71.457333,-13.046667,1998-01-25T12:57:30Z,1998-01-25T13:00:00Z,NA,NA,NA,91.44,148.16,465.78,6.26,Left,0,0,0,0,0,0,7,7,0,0,0,0,0,NA,NA,NA,NA,NA,Bölkow Blohm 105,-13.046667,-71.457333,-13.046667,-71.457333,HUMAN_OBSERVATION
3,4,6,3_4_6,-71.457333,-13.046667,-71.456167,-12.635833,1998-01-25T13:00:00Z,1998-01-25T13:03:00Z,NA,13:03:00,36.83,91.44,148.16,465.78,2.09,Left,0,0,0,0,0,0,7,7,0,0,0,0,0,NA,NA,NA,NA,NA,Bölkow Blohm 105,-12.841243772983661,-71.45686110092993,-12.841243772983661,-71.45686110092993,HUMAN_OBSERVATION
4,1,1,4_1_1,-72.8505,-19.511833,-72.846667,-20.208333,1998-01-27T11:59:00Z,1998-01-27T12:02:00Z,11:59:00,NA,NA,60.96,111.12,311.51,5.74,Left,0,0,0,0,0,0,1,1,0,0,0,0,0,-2.1,10.1,excellent,no,no,Bell Long Ranger II,-19.860120722481135,-72.8488819002483,-19.860120722481135,-72.8488819002483,HUMAN_OBSERVATION
4,1,1,4_1_1,-72.8505,-19.511833,-72.846667,-20.208333,1998-01-27T11:59:00Z,1998-01-27T12:02:00Z,NA,NA,NA,60.96,111.12,311.51,5.74,Right,0,0,0,0,0,0,1,1,0,0,0,0,0,-2.1,10.1,excellent,no,no,Bell Long Ranger II,-19.860120722481135,-72.8488819002483,-19.860120722481135,-72.8488819002483,HUMAN_OBSERVATION
4,1,2,4_1_2,-72.8505,-19.511833,-72.846667,-20.208333,1998-01-27T12:02:00Z,1998-01-27T12:05:00Z,NA,NA,NA,60.96,111.12,311.51,5.74,Left,0,0,0,0,0,0,1,1,0,0,0,0,0,NA,NA,NA,NA,NA,Bell Long Ranger II,-19.860120722481135,-72.8488819002483,-19.860120722481135,-72.8488819002483,HUMAN_OBSERVATION
4,1,2,4_1_2,-72.8505,-19.511833,-72.846667,-20.208333,1998-01-27T12:05:00Z,1998-01-27T12:05:00Z,NA,NA,NA,60.96,111.12,311.51,5.74,Right,0,0,0,0,0,0,1,1,0,0,0,0,0,NA,NA,NA,NA,NA,Bell Long Ranger II,-19.860120722481135,-72.8488819002483,-19.860120722481135,-72.8488819002483,HUMAN_OBSERVATION
4,1,3,4_1_3,-72.8505,-19.511833,-72.846667,-20.208333,1998-01-27T12:05:00Z,1998-01-27T12:08:00Z,NA,NA,NA,60.96,111.12,311.51,5.74,Left,0,0,0,0,0,0,1,1,0,0,0,0,0,NA,NA,NA,NA,NA,Bell Long Ranger II,-19.860120722481135,-72.8488819002483,-19.860120722481135,-72.8488819002483,HUMAN_OBSERVATION
4,1,3,4_1_3,-72.8505,-19.511833,-72.846667,-20.208333,1998-01-27T12:08:00Z,1998-01-27T12:08:00Z,NA,NA,NA,60.96,111.12,311.51,5.74,Right,0,0,0,0,0,0,1,1,0,0,0,0,0,NA,NA,NA,NA,NA,Bell Long Ranger II,-19.860120722481135,-72.8488819002483,-19.860120722481135,-72.8488819002483,HUMAN_OBSERVATION
4,1,4,4_1_4,-72.8505,-19.511833,-72.846667,-20.208333,1998-01-27T12:08:00Z,1998-01-27T12:11:00Z,NA,NA,22.83,60.96,111.12,311.51,5.74,Left,0,0,0,0,0,0,5,5,0,0,0,0,0,NA,NA,NA,NA,NA,Bell Long Ranger II,-19.860120722481135,-72.8488819002483,-19.860120722481135,-72.8488819002483,HUMAN_OBSERVATION
4,1,4,4_1_4,-72.8505,-19.511833,-72.846667,-20.208333,1998-01-27T12:11:00Z,1998-01-27T12:11:00Z,NA,12:11:00,22.83,60.96,111.12,311.51,5.74,Right,0,0,0,0,0,0,5,5,0,0,0,0,0,NA,NA,NA,NA,NA,Bell Long Ranger II,-19.860120722481135,-72.8488819002483,-19.860120722481135,-72.8488819002483,HUMAN_OBSERVATION
4,2,1,4_2_1,-72.846667,-20.208333,-72.636,-20.204333,1998-01-27T12:13:00Z,1998-01-27T12:16:00Z,12:13:00,NA,NA,60.96,111.12,311.51,5.87,Left,0,0,0,0,0,0,1,1,0,0,0,0,0,NA,NA,NA,NA,NA,Bell Long Ranger II,-20.206321171987785,-72.74133406421507,-20.206321171987785,-72.74133406421507,HUMAN_OBSERVATION
4,2,1,4_2_1,-72.846667,-20.208333,-72.636,-20.204333,1998-01-27T12:13:00Z,1998-01-27T12:16:00Z,NA,NA,NA,60.96,111.12,311.51,5.87,Right,0,0,0,0,0,0,1,1,0,0,0,0,0,NA,NA,NA,NA,NA,Bell Long Ranger II,-20.206321171987785,-72.74133406421507,-20.206321171987785,-72.74133406421507,HUMAN_OBSERVATION
4,2,2,4_2_2,-72.846667,-20.208333,-72.636,-20.204333,1998-01-27T12:16:00Z,1998-01-27T12:19:00Z,NA,NA,NA,60.96,111.12,311.51,5.87,Left,0,0,0,0,0,0,1,1,0,0,0,0,0,NA,NA,NA,NA,NA,Bell Long Ranger II,-20.206321171987785,-72.74133406421507,-20.206321171987785,-72.74133406421507,HUMAN_OBSERVATION
4,2,2,4_2_2,-72.846667,-20.208333,-72.636,-20.204333,1998-01-27T12:16:00Z,1998-01-27T12:19:00Z,NA,NA,NA,60.96,111.12,311.51,5.87,Right,0,0,0,0,0,0,1,1,0,0,0,0,0,NA,NA,NA,NA,NA,Bell Long Ranger II,-20.206321171987785,-72.74133406421507,-20.206321171987785,-72.74133406421507,HUMAN_OBSERVATION
4,2,3,4_2_3,-72.846667,-20.208333,-72.636,-20.204333,1998-01-27T12:19:00Z,1998-01-27T12:22:00Z,NA,NA,NA,60.96,111.12,311.51,5.87,Left,0,0,0,0,0,0,1,1,0,0,0,0,0,NA,NA,NA,NA,NA,Bell Long Ranger II,-20.206321171987785,-72.74133406421507,-20.206321171987785,-72.74133406421507,HUMAN_OBSERVATION
4,2,3,4_2_3,-72.846667,-20.208333,-72.636,-20.204333,1998-01-27T12:19:00Z,1998-01-27T12:22:00Z,NA,NA,NA,60.96,111.12,311.51,5.87,Right,0,0,0,0,0,0,1,1,0,0,0,0,0,NA,NA,NA,NA,NA,Bell Long Ranger II,-20.206321171987785,-72.74133406421507,-20.206321171987785,-72.74133406421507,HUMAN_OBSERVATION
4,2,4,4_2_4,-72.846667,-20.208333,-72.636,-20.204333,1998-01-27T12:22:00Z,1998-01-27T12:25:00Z,NA,NA,23.41,60.96,111.12,311.51,5.87,Left,0,0,0,0,0,0,3,3,0,0,0,0,0,NA,NA,NA,NA,NA,Bell Long Ranger II,-20.206321171987785,-72.74133406421507,-20.206321171987785,-72.74133406421507,HUMAN_OBSERVATION
4,2,4,4_2_4,-72.846667,-20.208333,-72.636,-20.204333,1998-01-27T12:22:00Z,1998-01-27T12:25:00Z,NA,12:25:00,23.41,60.96,111.12,311.51,5.87,Right,0,0,0,0,0,0,3,3,0,0,0,0,0,NA,NA,NA,NA,NA,Bell Long Ranger II,-20.206321171987785,-72.74133406421507,-20.206321171987785,-72.74133406421507,HUMAN_OBSERVATION
4,3,1,4_3_1,-72.636,-20.204333,-72.6345,-19.5125,1998-01-27T12:26:00Z,1998-01-27T12:29:00Z,12:26:00,NA,NA,60.96,111.12,311.51,5.76,Left,0,0,0,0,0,0,3,3,0,0,0,0,0,NA,NA,NA,NA,NA,Bell Long Ranger II,-19.858402028316696,-72.63554762424224,-19.858402028316696,-72.63554762424224,HUMAN_OBSERVATION
4,3,1,4_3_1,-72.636,-20.204333,-72.6345,-19.5125,1998-01-27T12:26:00Z,1998-01-27T12:29:00Z,NA,NA,NA,60.96,111.12,311.51,5.76,Right,0,0,0,0,0,0,3,3,0,0,0,0,0,NA,NA,NA,NA,NA,Bell Long Ranger II,-19.858402028316696,-72.63554762424224,-19.858402028316696,-72.63554762424224,HUMAN_OBSERVATION
4,3,2,4_3_2,-72.636,-20.204333,-72.6345,-19.5125,1998-01-27T12:29:00Z,1998-01-27T12:32:00Z,NA,NA,NA,60.96,111.12,311.51,5.76,Left,0,0,0,0,0,0,1,1,0,0,0,0,0,NA,NA,NA,NA,NA,Bell Long Ranger II,-19.858402028316696,-72.63554762424224,-19.858402028316696,-72.63554762424224,HUMAN_OBSERVATION
4,3,2,4_3_2,-72.636,-20.204333,-72.6345,-19.5125,1998-01-27T12:32:00Z,1998-01-27T12:32:00Z,NA,NA,NA,60.96,111.12,311.51,5.76,Right,1,0,0,0,0,1,1,1,0,0,0,0,0,NA,NA,NA,NA,NA,Bell Long Ranger II,-19.858402028316696,-72.63554762424224,-19.858402028316696,-72.63554762424224,HUMAN_OBSERVATION
4,3,3,4_3_3,-72.636,-20.204333,-72.6345,-19.5125,1998-01-27T12:32:00Z,1998-01-27T12:35:00Z,NA,NA,NA,60.96,111.12,311.51,5.76,Left,0,0,0,0,0,0,1,1,0,0,0,0,0,NA,NA,NA,NA,NA,Bell Long Ranger II,-19.858402028316696,-72.63554762424224,-19.858402028316696,-72.63554762424224,HUMAN_OBSERVATION
4,3,3,4_3_3,-72.636,-20.204333,-72.6345,-19.5125,1998-01-27T12:35:00Z,1998-01-27T12:35:00Z,NA,NA,NA,60.96,111.12,311.51,5.76,Right,0,0,0,0,0,0,1,1,0,0,0,0,0,NA,NA,NA,NA,NA,Bell Long Ranger II,-19.858402028316696,-72.63554762424224,-19.858402028316696,-72.63554762424224,HUMAN_OBSERVATION
4,3,4,4_3_4,-72.636,-20.204333,-72.6345,-19.5125,1998-01-27T12:35:00Z,1998-01-27T12:39:00Z,NA,NA,22.94,60.96,111.12,311.51,5.76,Left,0,0,0,0,0,0,3,3,0,0,0,0,0,NA,NA,NA,NA,NA,Bell Long Ranger II,-19.858402028316696,-72.63554762424224,-19.858402028316696,-72.63554762424224,HUMAN_OBSERVATION
4,3,4,4_3_4,-72.636,-20.204333,-72.6345,-19.5125,1998-01-27T12:39:00Z,1998-01-27T12:39:00Z,NA,12:39:00,22.94,60.96,111.12,311.51,5.76,Right,0,0,0,0,0,0,3,3,0,0,0,0,0,NA,NA,NA,NA,NA,Bell Long Ranger II,-19.858402028316696,-72.63554762424224,-19.858402028316696,-72.63554762424224,HUMAN_OBSERVATION
5,1,1,5_1_1,-70.861,-10.564667,-70.6515,-10.5625,1998-02-01T12:19:00Z,1998-02-01T12:22:00Z,12:19:00,NA,NA,60.96,111.12,311.51,5.85,Left,0,0,0,0,0,0,10,10,0,0,0,0,0,-3.3,8.1,excellent,no,high,Bell Long Ranger II,-10.56357782975891,-70.75625060517598,-10.56357782975891,-70.75625060517598,HUMAN_OBSERVATION
5,1,1,5_1_1,-70.861,-10.564667,-70.6515,-10.5625,1998-02-01T12:19:00Z,1998-02-01T12:22:00Z,NA,NA,NA,60.96,111.12,311.51,5.85,Right,1,0,1,0,0,0,10,10,0,0,0,0,0,-3.3,8.1,excellent,no,high,Bell Long Ranger II,-10.56357782975891,-70.75625060517598,-10.56357782975891,-70.75625060517598,HUMAN_OBSERVATION
5,1,2,5_1_2,-70.861,-10.564667,-70.6515,-10.5625,1998-02-01T12:22:00Z,1998-02-01T12:25:00Z,NA,NA,NA,60.96,111.12,311.51,5.85,Left,0,0,0,0,0,0,10,10,0,0,0,0,0,NA,NA,NA,NA,NA,Bell Long Ranger II,-10.56357782975891,-70.75625060517598,-10.56357782975891,-70.75625060517598,HUMAN_OBSERVATION
5,1,2,5_1_2,-70.861,-10.564667,-70.6515,-10.5625,1998-02-01T12:22:00Z,1998-02-01T12:25:00Z,NA,NA,NA,60.96,111.12,311.51,5.85,Right,0,0,0,0,0,0,10,10,0,0,0,0,0,NA,NA,NA,NA,NA,Bell Long Ranger II,-10.56357782975891,-70.75625060517598,-10.56357782975891,-70.75625060517598,HUMAN_OBSERVATION
5,1,3,5_1_3,-70.861,-10.564667,-70.6515,-10.5625,1998-02-01T12:25:00Z,1998-02-01T12:28:00Z,NA,NA,NA,60.96,111.12,311.51,5.85,Left,1,0,0,0,1,0,40,40,0,0,0,0,0,NA,NA,NA,NA,NA,Bell Long Ranger II,-10.56357782975891,-70.75625060517598,-10.56357782975891,-70.75625060517598,HUMAN_OBSERVATION
5,1,3,5_1_3,-70.861,-10.564667,-70.6515,-10.5625,1998-02-01T12:25:00Z,1998-02-01T12:28:00Z,NA,NA,NA,60.96,111.12,311.51,5.85,Right,6,0,0,0,6,0,40,40,0,0,0,0,0,NA,NA,NA,NA,NA,Bell Long Ranger II,-10.56357782975891,-70.75625060517598,-10.56357782975891,-70.75625060517598,HUMAN_OBSERVATION
5,1,4,5_1_4,-70.861,-10.564667,-70.6515,-10.5625,1998-02-01T12:28:00Z,1998-02-01T12:32:00Z,NA,NA,23.28,60.96,111.12,311.51,5.85,Left,1,0,0,1,0,0,10,10,0,0,0,0,0,NA,NA,NA,NA,NA,Bell Long Ranger II,-10.56357782975891,-70.75625060517598,-10.56357782975891,-70.75625060517598,HUMAN_OBSERVATION
5,1,4,5_1_4,-70.861,-10.564667,-70.6515,-10.5625,1998-02-01T12:28:00Z,1998-02-01T12:32:00Z,NA,12:32:00,23.28,60.96,111.12,311.51,5.85,Right,1,0,0,0,0,1,10,10,0,0,0,0,0,NA,NA,NA,NA,NA,Bell Long Ranger II,-10.56357782975891,-70.75625060517598,-10.56357782975891,-70.75625060517598,HUMAN_OBSERVATION
5,2,1,5_2_1,-70.6515,-10.5625,-70.652,-11.186333,1998-02-01T12:44:00Z,1998-02-01T12:47:00Z,12:44:00,NA,NA,60.96,111.12,311.51,5.78,Left,6,0,4,0,2,0,8,8,0,0,0,0,0,NA,NA,NA,NA,NA,Bell Long Ranger II,-10.87441262690906,-70.65201560139286,-10.87441262690906,-70.65201560139286,HUMAN_OBSERVATION
5,2,1,5_2_1,-70.6515,-10.5625,-70.652,-11.186333,1998-02-01T12:44:00Z,1998-02-01T12:47:00Z,NA,NA,NA,60.96,111.12,311.51,5.78,Right,6,0,0,5,1,0,8,8,0,0,0,0,0,NA,NA,NA,NA,NA,Bell Long Ranger II,-10.87441262690906,-70.65201560139286,-10.87441262690906,-70.65201560139286,HUMAN_OBSERVATION
5,2,2,5_2_2,-70.6515,-10.5625,-70.652,-11.186333,1998-02-01T12:47:00Z,1998-02-01T12:50:00Z,NA,NA,NA,60.96,111.12,311.51,5.78,Left,0,0,0,0,0,0,5,5,0,0,0,0,0,NA,NA,NA,NA,NA,Bell Long Ranger II,-10.87441262690906,-70.65201560139286,-10.87441262690906,-70.65201560139286,HUMAN_OBSERVATION
5,2,2,5_2_2,-70.6515,-10.5625,-70.652,-11.186333,1998-02-01T12:47:00Z,1998-02-01T12:50:00Z,NA,NA,NA,60.96,111.12,311.51,5.78,Right,0,0,0,0,0,0,5,5,0,0,0,0,0,NA,NA,NA,NA,NA,Bell Long Ranger II,-10.87441262690906,-70.65201560139286,-10.87441262690906,-70.65201560139286,HUMAN_OBSERVATION
5,2,3,5_2_3,-70.6515,-10.5625,-70.652,-11.186333,1998-02-01T12:50:00Z,1998-02-01T12:53:00Z,NA,NA,NA,60.96,111.12,311.51,5.78,Left,2,0,1,0,0,1,8,8,0,0,0,0,0,NA,NA,NA,NA,NA,Bell Long Ranger II,-10.87441262690906,-70.65201560139286,-10.87441262690906,-70.65201560139286,HUMAN_OBSERVATION
5,2,3,5_2_3,-70.6515,-10.5625,-70.652,-11.186333,1998-02-01T12:50:00Z,1998-02-01T12:53:00Z,NA,NA,NA,60.96,111.12,311.51,5.78,Right,0,0,0,0,0,0,8,8,0,0,0,0,0,NA,NA,NA,NA,NA,Bell Long Ranger II,-10.87441262690906,-70.65201560139286,-10.87441262690906,-70.65201560139286,HUMAN_OBSERVATION
5,2,4,5_2_4,-70.6515,-10.5625,-70.652,-11.186333,1998-02-01T12:53:00Z,1998-02-01T12:57:00Z,NA,NA,22.97,60.96,111.12,311.51,5.78,Left,4,0,4,0,0,0,10,10,0,0,0,0,0,NA,NA,NA,NA,NA,Bell Long Ranger II,-10.87441262690906,-70.65201560139286,-10.87441262690906,-70.65201560139286,HUMAN_OBSERVATION
5,2,4,5_2_4,-70.6515,-10.5625,-70.652,-11.186333,1998-02-01T12:53:00Z,1998-02-01T12:57:00Z,NA,12:57:00,22.97,60.96,111.12,311.51,5.78,Right,8,8,0,0,0,0,10,10,0,0,0,0,0,NA,NA,NA,NA,NA,Bell Long Ranger II,-10.87441262690906,-70.65201560139286,-10.87441262690906,-70.65201560139286,HUMAN_OBSERVATION
5,3,1,5_3_1,-70.652,-11.186333,-70.858167,-11.180667,1998-02-01T12:58:00Z,1998-02-01T13:01:00Z,12:58:00,NA,NA,60.96,111.12,311.51,5.76,Left,0,0,0,0,0,0,3,3,0,0,0,0,0,NA,NA,NA,NA,NA,Bell Long Ranger II,-11.18351458901065,-70.75508410482435,-11.18351458901065,-70.75508410482435,HUMAN_OBSERVATION
5,3,1,5_3_1,-70.652,-11.186333,-70.858167,-11.180667,1998-02-01T12:58:00Z,1998-02-01T13:01:00Z,NA,NA,NA,60.96,111.12,311.51,5.76,Right,0,0,0,0,0,0,3,3,0,0,0,0,0,NA,NA,NA,NA,NA,Bell Long Ranger II,-11.18351458901065,-70.75508410482435,-11.18351458901065,-70.75508410482435,HUMAN_OBSERVATION
5,3,2,5_3_2,-70.652,-11.186333,-70.858167,-11.180667,1998-02-01T13:01:00Z,1998-02-01T13:04:00Z,NA,NA,NA,60.96,111.12,311.51,5.76,Left,5,0,5,0,0,0,3,3,0,0,0,0,0,NA,NA,NA,NA,NA,Bell Long Ranger II,-11.18351458901065,-70.75508410482435,-11.18351458901065,-70.75508410482435,HUMAN_OBSERVATION
5,3,2,5_3_2,-70.652,-11.186333,-70.858167,-11.180667,1998-02-01T13:01:00Z,1998-02-01T13:04:00Z,NA,NA,NA,60.96,111.12,311.51,5.76,Right,0,0,0,0,0,0,3,3,0,0,0,0,0,NA,NA,NA,NA,NA,Bell Long Ranger II,-11.18351458901065,-70.75508410482435,-11.18351458901065,-70.75508410482435,HUMAN_OBSERVATION
5,3,3,5_3_3,-70.652,-11.186333,-70.858167,-11.180667,1998-02-01T13:04:00Z,1998-02-01T13:07:00Z,NA,NA,NA,60.96,111.12,311.51,5.76,Left,1,0,0,0,1,0,3,3,0,0,0,0,0,NA,NA,NA,NA,NA,Bell Long Ranger II,-11.18351458901065,-70.75508410482435,-11.18351458901065,-70.75508410482435,HUMAN_OBSERVATION
5,3,3,5_3_3,-70.652,-11.186333,-70.858167,-11.180667,1998-02-01T13:04:00Z,1998-02-01T13:07:00Z,NA,NA,NA,60.96,111.12,311.51,5.76,Right,1,0,0,0,1,0,3,3,0,0,0,0,0,NA,NA,NA,NA,NA,Bell Long Ranger II,-11.18351458901065,-70.75508410482435,-11.18351458901065,-70.75508410482435,HUMAN_OBSERVATION
5,3,4,5_3_4,-70.652,-11.186333,-70.858167,-11.180667,1998-02-01T13:07:00Z,1998-02-01T13:10:00Z,NA,NA,22.91,60.96,111.12,311.51,5.76,Left,0,0,0,0,0,0,3,3,0,0,0,0,0,NA,NA,NA,NA,NA,Bell Long Ranger II,-11.18351458901065,-70.75508410482435,-11.18351458901065,-70.75508410482435,HUMAN_OBSERVATION
5,3,4,5_3_4,-70.652,-11.186333,-70.858167,-11.180667,1998-02-01T13:07:00Z,1998-02-01T13:10:00Z,NA,13:10:00,22.91,60.96,111.12,311.51,5.76,Right,0,0,0,0,0,0,3,3,0,0,0,0,0,NA,NA,NA,NA,NA,Bell Long Ranger II,-11.18351458901065,-70.75508410482435,-11.18351458901065,-70.75508410482435,HUMAN_OBSERVATION
5,4,1,5_4_1,-70.858167,-11.180667,-70.859833,-11.552333,1998-02-01T13:12:00Z,1998-02-01T13:15:00Z,13:12:00,NA,NA,60.96,111.12,311.51,6.82,Left,5,0,0,5,0,0,10,10,0,0,0,0,0,NA,NA,NA,NA,NA,Bell Long Ranger II,-11.366492221438884,-70.85909342040094,-11.366492221438884,-70.85909342040094,HUMAN_OBSERVATION
5,4,1,5_4_1,-70.858167,-11.180667,-70.859833,-11.552333,1998-02-01T13:12:00Z,1998-02-01T13:15:00Z,NA,NA,NA,60.96,111.12,311.51,6.82,Right,1,0,0,1,0,0,10,10,0,0,0,0,0,NA,NA,NA,NA,NA,Bell Long Ranger II,-11.366492221438884,-70.85909342040094,-11.366492221438884,-70.85909342040094,HUMAN_OBSERVATION
5,4,2,5_4_2,-70.858167,-11.180667,-70.859833,-11.552333,1998-02-01T13:15:00Z,1998-02-01T13:19:00Z,NA,NA,13.54,60.96,111.12,311.51,6.82,Left,0,0,0,0,0,0,1,1,0,0,0,0,0,NA,NA,NA,NA,NA,Bell Long Ranger II,-11.366492221438884,-70.85909342040094,-11.366492221438884,-70.85909342040094,HUMAN_OBSERVATION
5,4,2,5_4_2,-70.858167,-11.180667,-70.859833,-11.552333,1998-02-01T13:15:00Z,1998-02-01T13:19:00Z,NA,13:19:00,13.54,60.96,111.12,311.51,6.82,Right,2,0,0,0,2,0,1,1,0,0,0,0,0,NA,NA,NA,NA,NA,Bell Long Ranger II,-11.366492221438884,-70.85909342040094,-11.366492221438884,-70.85909342040094,HUMAN_OBSERVATION
5,5,1,5_5_1,-70.859833,-11.552333,-70.674833,-11.536,1998-02-01T13:20:00Z,1998-02-01T13:23:00Z,13:20:00,NA,NA,60.96,111.12,311.51,5.17,Left,0,0,0,0,0,0,15,15,0,0,0,0,0,NA,NA,NA,NA,NA,Bell Long Ranger II,-11.544128736993748,-70.76733365033303,-11.544128736993748,-70.76733365033303,HUMAN_OBSERVATION
5,5,1,5_5_1,-70.859833,-11.552333,-70.674833,-11.536,1998-02-01T13:20:00Z,1998-02-01T13:23:00Z,NA,NA,NA,60.96,111.12,311.51,5.17,Right,0,0,0,0,0,0,15,15,0,0,0,0,0,NA,NA,NA,NA,NA,Bell Long Ranger II,-11.544128736993748,-70.76733365033303,-11.544128736993748,-70.76733365033303,HUMAN_OBSERVATION
5,5,2,5_5_2,-70.859833,-11.552333,-70.674833,-11.536,1998-02-01T13:23:00Z,1998-02-01T13:26:00Z,NA,NA,NA,60.96,111.12,311.51,5.17,Left,0,0,0,0,0,0,5,5,0,0,0,0,0,NA,NA,NA,NA,NA,Bell Long Ranger II,-11.544128736993748,-70.76733365033303,-11.544128736993748,-70.76733365033303,HUMAN_OBSERVATION
5,5,2,5_5_2,-70.859833,-11.552333,-70.674833,-11.536,1998-02-01T13:23:00Z,1998-02-01T13:26:00Z,NA,NA,NA,60.96,111.12,311.51,5.17,Right,0,0,0,0,0,0,5,5,0,0,0,0,0,NA,NA,NA,NA,NA,Bell Long Ranger II,-11.544128736993748,-70.76733365033303,-11.544128736993748,-70.76733365033303,HUMAN_OBSERVATION
5,5,3,5_5_3,-70.859833,-11.552333,-70.674833,-11.536,1998-02-01T13:26:00Z,1998-02-01T13:29:00Z,NA,NA,NA,60.96,111.12,311.51,5.17,Left,5,0,0,0,5,0,3,3,0,0,0,0,0,NA,NA,NA,NA,NA,Bell Long Ranger II,-11.544128736993748,-70.76733365033303,-11.544128736993748,-70.76733365033303,HUMAN_OBSERVATION
5,5,3,5_5_3,-70.859833,-11.552333,-70.674833,-11.536,1998-02-01T13:26:00Z,1998-02-01T13:29:00Z,NA,NA,NA,60.96,111.12,311.51,5.17,Right,0,0,0,0,0,0,3,3,0,0,0,0,0,NA,NA,NA,NA,NA,Bell Long Ranger II,-11.544128736993748,-70.76733365033303,-11.544128736993748,-70.76733365033303,HUMAN_OBSERVATION
5,5,4,5_5_4,-70.859833,-11.552333,-70.674833,-11.536,1998-02-01T13:29:00Z,1998-02-01T13:32:00Z,NA,NA,20.57,60.96,111.12,311.51,5.17,Left,0,0,0,0,0,0,3,3,0,0,0,0,0,NA,NA,NA,NA,NA,Bell Long Ranger II,-11.544128736993748,-70.76733365033303,-11.544128736993748,-70.76733365033303,HUMAN_OBSERVATION
5,5,4,5_5_4,-70.859833,-11.552333,-70.674833,-11.536,1998-02-01T13:29:00Z,1998-02-01T13:32:00Z,NA,13:32:00,20.57,60.96,111.12,311.51,5.17,Right,1,0,0,0,0,1,3,3,0,0,0,0,0,NA,NA,NA,NA,NA,Bell Long Ranger II,-11.544128736993748,-70.76733365033303,-11.544128736993748,-70.76733365033303,HUMAN_OBSERVATION
6,1,1,6_1_1,-72.831,-19.491667,-72.726167,-20.1095,1998-02-03T11:40:00Z,1998-02-03T11:43:00Z,11:40:00,NA,NA,60.96,111.12,311.51,5.89,Left,0,0,0,0,0,0,3,3,0,3,0,0,0,-4.3,3.5,excellent,no,high,Bölkow Blohm 105,-19.801494727420174,-72.7788192768121,-19.801494727420174,-72.7788192768121,HUMAN_OBSERVATION
6,1,1,6_1_1,-72.831,-19.491667,-72.726167,-20.1095,1998-02-03T11:40:00Z,1998-02-03T11:43:00Z,NA,NA,NA,60.96,111.12,311.51,5.89,Right,6,0,0,0,5,1,3,3,0,3,0,0,0,-4.3,3.5,excellent,no,high,Bölkow Blohm 105,-19.801494727420174,-72.7788192768121,-19.801494727420174,-72.7788192768121,HUMAN_OBSERVATION
6,1,2,6_1_2,-72.831,-19.491667,-72.726167,-20.1095,1998-02-03T11:43:00Z,1998-02-03T11:46:00Z,NA,NA,NA,60.96,111.12,311.51,5.89,Left,0,0,0,0,0,0,13,10,3,10,0,0,0,NA,NA,NA,NA,NA,Bölkow Blohm 105,-19.801494727420174,-72.7788192768121,-19.801494727420174,-72.7788192768121,HUMAN_OBSERVATION
6,1,2,6_1_2,-72.831,-19.491667,-72.726167,-20.1095,1998-02-03T11:43:00Z,1998-02-03T11:46:00Z,NA,NA,NA,60.96,111.12,311.51,5.89,Right,0,0,0,0,0,0,13,10,3,10,0,0,0,NA,NA,NA,NA,NA,Bölkow Blohm 105,-19.801494727420174,-72.7788192768121,-19.801494727420174,-72.7788192768121,HUMAN_OBSERVATION
6,1,3,6_1_3,-72.831,-19.491667,-72.726167,-20.1095,1998-02-03T11:46:00Z,1998-02-03T11:49:00Z,NA,NA,NA,60.96,111.12,311.51,5.89,Left,1,1,0,0,0,0,20,1,19,1,0,0,0,NA,NA,NA,NA,NA,Bölkow Blohm 105,-19.801494727420174,-72.7788192768121,-19.801494727420174,-72.7788192768121,HUMAN_OBSERVATION
6,1,3,6_1_3,-72.831,-19.491667,-72.726167,-20.1095,1998-02-03T11:46:00Z,1998-02-03T11:49:00Z,NA,NA,NA,60.96,111.12,311.51,5.89,Right,2,0,0,0,0,2,20,1,19,1,0,0,0,NA,NA,NA,NA,NA,Bölkow Blohm 105,-19.801494727420174,-72.7788192768121,-19.801494727420174,-72.7788192768121,HUMAN_OBSERVATION
6,1,4,6_1_4,-72.831,-19.491667,-72.726167,-20.1095,1998-02-03T11:49:00Z,1998-02-03T11:52:00Z,NA,NA,23.43,60.96,111.12,311.51,5.89,Left,0,0,0,0,0,0,30,3,27,3,0,0,0,NA,NA,NA,NA,NA,Bölkow Blohm 105,-19.801494727420174,-72.7788192768121,-19.801494727420174,-72.7788192768121,HUMAN_OBSERVATION
6,1,4,6_1_4,-72.831,-19.491667,-72.726167,-20.1095,1998-02-03T11:49:00Z,1998-02-03T11:52:00Z,NA,11:52:00,23.43,60.96,111.12,311.51,5.89,Right,0,0,0,0,0,0,30,3,27,3,0,0,0,NA,NA,NA,NA,NA,Bölkow Blohm 105,-19.801494727420174,-72.7788192768121,-19.801494727420174,-72.7788192768121,HUMAN_OBSERVATION
7,1,1,7_1_1,-73.5855,-22.696,-73.6345,-22.865833,1998-02-06T11:27:00Z,1998-02-06T11:30:00Z,11:27:00,NA,7.62,60.96,111.12,311.51,7.65,Left,7,0,0,3,4,0,17,17,0,4,13,0,0,-2.5,4,fair,no,high,Bölkow Blohm 105,-22.78079311313129,-73.61001707234631,-22.78079311313129,-73.61001707234631,HUMAN_OBSERVATION
7,1,1,7_1_1,-73.5855,-22.696,-73.6345,-22.865833,1998-02-06T11:27:00Z,1998-02-06T11:30:00Z,NA,11:30:00,7.62,60.96,111.12,311.51,7.65,Right,10,0,0,0,7,3,17,17,0,4,13,0,0,-2.5,4,fair,no,high,Bölkow Blohm 105,-22.78079311313129,-73.61001707234631,-22.78079311313129,-73.61001707234631,HUMAN_OBSERVATION
7,2,1,7_2_1,-73.6345,-22.865833,-73.6985,-22.823833,1998-02-06T11:30:00Z,1998-02-06T11:33:00Z,11:30:00,NA,7.23,60.96,111.12,311.51,7.26,Left,6,6,0,0,0,0,11,9,2,0,9,0,0,NA,NA,NA,NA,NA,Bölkow Blohm 105,-22.84487300053201,-73.66650108789518,-22.84487300053201,-73.66650108789518,HUMAN_OBSERVATION
7,2,1,7_2_1,-73.6345,-22.865833,-73.6985,-22.823833,1998-02-06T11:30:00Z,1998-02-06T11:33:00Z,NA,11:33:00,7.23,60.96,111.12,311.51,7.26,Right,9,0,0,6,0,3,11,9,2,0,9,0,0,NA,NA,NA,NA,NA,Bölkow Blohm 105,-22.84487300053201,-73.66650108789518,-22.84487300053201,-73.66650108789518,HUMAN_OBSERVATION
7,3,1,7_3_1,-73.6985,-22.823833,-73.8345,-23.965333,1998-02-06T11:33:00Z,1998-02-06T11:36:00Z,11:33:00,NA,NA,60.96,111.12,311.51,6.33,Left,9,0,1,0,6,2,15,15,0,4,11,0,0,NA,NA,NA,NA,NA,Bölkow Blohm 105,-23.3922576684018,-73.76726361929275,-23.3922576684018,-73.76726361929275,HUMAN_OBSERVATION
7,3,1,7_3_1,-73.6985,-22.823833,-73.8345,-23.965333,1998-02-06T11:33:00Z,1998-02-06T11:36:00Z,NA,NA,NA,60.96,111.12,311.51,6.33,Right,3,1,0,0,2,0,15,15,0,4,11,0,0,NA,NA,NA,NA,NA,Bölkow Blohm 105,-23.3922576684018,-73.76726361929275,-23.3922576684018,-73.76726361929275,HUMAN_OBSERVATION
7,3,2,7_3_2,-73.6985,-22.823833,-73.8345,-23.965333,1998-02-06T11:36:00Z,1998-02-06T11:39:00Z,NA,NA,NA,60.96,111.12,311.51,6.33,Left,2,0,2,0,0,0,11,11,0,0,11,0,0,NA,NA,NA,NA,NA,Bölkow Blohm 105,-23.3922576684018,-73.76726361929275,-23.3922576684018,-73.76726361929275,HUMAN_OBSERVATION
7,3,2,7_3_2,-73.6985,-22.823833,-73.8345,-23.965333,1998-02-06T11:36:00Z,1998-02-06T11:39:00Z,NA,NA,NA,60.96,111.12,311.51,6.33,Right,3,0,0,0,2,1,11,11,0,0,11,0,0,NA,NA,NA,NA,NA,Bölkow Blohm 105,-23.3922576684018,-73.76726361929275,-23.3922576684018,-73.76726361929275,HUMAN_OBSERVATION
7,3,3,7_3_3,-73.6985,-22.823833,-73.8345,-23.965333,1998-02-06T11:39:00Z,1998-02-06T11:42:00Z,NA,NA,NA,60.96,111.12,311.51,6.33,Left,9,0,0,8,0,1,19,18,1,6,12,0,0,NA,NA,NA,NA,NA,Bölkow Blohm 105,-23.3922576684018,-73.76726361929275,-23.3922576684018,-73.76726361929275,HUMAN_OBSERVATION
7,3,3,7_3_3,-73.6985,-22.823833,-73.8345,-23.965333,1998-02-06T11:39:00Z,1998-02-06T11:42:00Z,NA,NA,NA,60.96,111.12,311.51,6.33,Right,0,0,0,0,0,0,19,18,1,6,12,0,0,NA,NA,NA,NA,NA,Bölkow Blohm 105,-23.3922576684018,-73.76726361929275,-23.3922576684018,-73.76726361929275,HUMAN_OBSERVATION
7,3,4,7_3_4,-73.6985,-22.823833,-73.8345,-23.965333,1998-02-06T11:42:00Z,1998-02-06T11:46:00Z,NA,NA,38.54,60.96,111.12,311.51,8.45,Left,3,0,0,3,0,0,28,28,0,7,21,0,0,NA,NA,NA,NA,NA,Bölkow Blohm 105,-23.3922576684018,-73.76726361929275,-23.3922576684018,-73.76726361929275,HUMAN_OBSERVATION
7,3,4,7_3_4,-73.6985,-22.823833,-73.8345,-23.965333,1998-02-06T11:42:00Z,1998-02-06T11:46:00Z,NA,11:46:00,38.54,60.96,111.12,311.51,8.45,Right,6,2,0,1,1,2,28,28,0,7,21,0,0,NA,NA,NA,NA,NA,Bölkow Blohm 105,-23.3922576684018,-73.76726361929275,-23.3922576684018,-73.76726361929275,HUMAN_OBSERVATION
7,4,1,7_4_1,-73.8345,-23.965333,-73.885167,-24.015667,1998-02-06T11:46:00Z,1998-02-06T11:49:00Z,11:46:00,NA,NA,60.96,111.12,311.51,6.33,Left,6,0,2,2,2,0,38,37,1,3,23,11,0,NA,NA,NA,NA,NA,Bölkow Blohm 105,-23.99046156850554,-73.8598350069387,-23.99046156850554,-73.8598350069387,HUMAN_OBSERVATION
7,4,1,7_4_1,-73.8345,-23.965333,-73.885167,-24.015667,1998-02-06T11:46:00Z,1998-02-06T11:49:00Z,NA,NA,NA,60.96,111.12,311.51,6.33,Right,5,1,2,1,1,0,38,37,1,3,23,11,0,NA,NA,NA,NA,NA,Bölkow Blohm 105,-23.99046156850554,-73.8598350069387,-23.99046156850554,-73.8598350069387,HUMAN_OBSERVATION
7,4,2,7_4_2,-73.8345,-23.965333,-73.885167,-24.015667,1998-02-06T11:49:00Z,1998-02-06T11:52:00Z,NA,NA,NA,60.96,111.12,311.51,6.33,Left,10,0,2,2,0,6,27,27,0,3,17,7,0,NA,NA,NA,NA,NA,Bölkow Blohm 105,-23.99046156850554,-73.8598350069387,-23.99046156850554,-73.8598350069387,HUMAN_OBSERVATION
7,4,2,7_4_2,-73.8345,-23.965333,-73.885167,-24.015667,1998-02-06T11:49:00Z,1998-02-06T11:52:00Z,NA,NA,NA,60.96,111.12,311.51,6.33,Right,23,4,1,11,6,1,27,27,0,3,17,7,0,NA,NA,NA,NA,NA,Bölkow Blohm 105,-23.99046156850554,-73.8598350069387,-23.99046156850554,-73.8598350069387,HUMAN_OBSERVATION
7,4,3,7_4_3,-73.8345,-23.965333,-73.885167,-24.015667,1998-02-06T11:52:00Z,1998-02-06T11:55:00Z,NA,NA,5.84,60.96,111.12,311.51,6.33,Left,3,0,0,3,0,0,10,10,0,6,4,0,0,NA,NA,NA,NA,NA,Bölkow Blohm 105,-23.99046156850554,-73.8598350069387,-23.99046156850554,-73.8598350069387,HUMAN_OBSERVATION
7,4,3,7_4_3,-73.8345,-23.965333,-73.885167,-24.015667,1998-02-06T11:52:00Z,1998-02-06T11:55:00Z,NA,11:55:00,5.84,60.96,111.12,311.51,6.33,Right,6,0,0,0,1,5,10,10,0,6,4,0,0,NA,NA,NA,NA,NA,Bölkow Blohm 105,-23.99046156850554,-73.8598350069387,-23.99046156850554,-73.8598350069387,HUMAN_OBSERVATION
7,5,1,7_5_1,-73.885167,-24.015667,-73.899833,-24.282167,1998-02-06T11:57:00Z,1998-02-06T12:01:00Z,11:57:00,NA,NA,60.96,111.12,311.51,8.41,Left,6,0,0,0,2,4,17,17,0,1,12,4,0,NA,NA,NA,NA,NA,Bölkow Blohm 105,-24.148857974557664,-73.89254132475654,-24.148857974557664,-73.89254132475654,HUMAN_OBSERVATION
7,5,1,7_5_1,-73.885167,-24.015667,-73.899833,-24.282167,1998-02-06T11:57:00Z,1998-02-06T12:01:00Z,NA,12:01:00,NA,60.96,111.12,311.51,8.41,Right,7,6,0,0,1,0,17,17,0,1,12,4,0,NA,NA,NA,NA,NA,Bölkow Blohm 105,-24.148857974557664,-73.89254132475654,-24.148857974557664,-73.89254132475654,HUMAN_OBSERVATION
7,6,1,7_6_1,-73.899833,-24.282167,-73.881167,-24.4345,1998-02-06T12:01:00Z,1998-02-06T12:04:00Z,12:01:00,NA,8.38,60.96,111.12,311.51,5.17,Left,3,0,3,0,0,0,37,37,0,2,28,7,0,NA,NA,NA,NA,NA,Bölkow Blohm 105,-24.358376435661835,-73.89051350694633,-24.358376435661835,-73.89051350694633,HUMAN_OBSERVATION
7,6,1,7_6_1,-73.899833,-24.282167,-73.881167,-24.4345,1998-02-06T12:01:00Z,1998-02-06T12:04:00Z,NA,12:04:00,8.38,60.96,111.12,311.51,5.17,Right,12,0,0,9,0,3,37,37,0,2,28,7,0,NA,NA,NA,NA,NA,Bölkow Blohm 105,-24.358376435661835,-73.89051350694633,-24.358376435661835,-73.89051350694633,HUMAN_OBSERVATION
7,7,1,7_7_1,-73.881167,-24.4345,-73.850167,-24.186333,1998-02-06T12:04:00Z,1998-02-06T12:08:00Z,12:04:00,NA,5.13,60.96,111.12,311.51,8.45,Left,5,0,1,0,0,4,25,25,0,3,22,0,0,NA,NA,NA,NA,NA,Bölkow Blohm 105,-24.31030052276007,-73.86570289711852,-24.31030052276007,-73.86570289711852,HUMAN_OBSERVATION
7,7,1,7_7_1,-73.881167,-24.4345,-73.850167,-24.186333,1998-02-06T12:08:00Z,1998-02-06T12:08:00Z,NA,12:08:00,5.13,60.96,111.12,311.51,8.45,Right,4,0,0,4,0,0,25,25,0,3,22,0,0,NA,NA,NA,NA,NA,Bölkow Blohm 105,-24.31030052276007,-73.86570289711852,-24.31030052276007,-73.86570289711852,HUMAN_OBSERVATION
7,8,1,7_8_1,-73.692333,-23.398833,-73.672667,-23.2715,1998-02-06T12:18:00Z,1998-02-06T12:20:00Z,12:18:00,NA,8.4,60.96,111.12,311.51,4.56,Left,0,0,0,0,0,0,16,15,1,13,2,0,0,NA,NA,NA,NA,NA,Bölkow Blohm 105,-23.33512919700997,-73.68250954768118,-23.33512919700997,-73.68250954768118,HUMAN_OBSERVATION
7,8,1,7_8_1,-73.692333,-23.398833,-73.672667,-23.2715,1998-02-06T12:18:00Z,1998-02-06T12:20:00Z,NA,12:20:00,8.4,60.96,111.12,311.51,4.56,Right,0,0,0,0,0,0,16,15,1,13,2,0,0,NA,NA,NA,NA,NA,Bölkow Blohm 105,-23.33512919700997,-73.68250954768118,-23.33512919700997,-73.68250954768118,HUMAN_OBSERVATION
7,9,1,7_9_1,-73.672667,-23.2715,-73.5995,-23.093167,1998-02-06T12:20:00Z,1998-02-06T12:23:00Z,12:20:00,NA,NA,60.96,111.12,311.51,6.94,Left,0,0,0,0,0,0,14,13,1,3,10,0,0,NA,NA,NA,NA,NA,Bölkow Blohm 105,-23.182139710878985,-73.63610232957124,-23.182139710878985,-73.63610232957124,HUMAN_OBSERVATION
7,9,1,7_9_1,-73.672667,-23.2715,-73.5995,-23.093167,1998-02-06T12:20:00Z,1998-02-06T12:23:00Z,NA,NA,NA,60.96,111.12,311.51,6.94,Right,15,0,0,0,3,12,14,13,1,3,10,0,0,NA,NA,NA,NA,NA,Bölkow Blohm 105,-23.182139710878985,-73.63610232957124,-23.182139710878985,-73.63610232957124,HUMAN_OBSERVATION
7,9,2,7_9_2,-73.672667,-23.2715,-73.5995,-23.093167,1998-02-06T12:23:00Z,1998-02-06T12:27:00Z,NA,NA,4.54,60.96,111.12,311.51,3,Left,1,0,1,0,0,0,50,50,0,10,40,0,0,NA,NA,NA,NA,NA,Bölkow Blohm 105,-23.182139710878985,-73.63610232957124,-23.182139710878985,-73.63610232957124,HUMAN_OBSERVATION
7,9,2,7_9_2,-73.672667,-23.2715,-73.5995,-23.093167,1998-02-06T12:23:00Z,1998-02-06T12:27:00Z,NA,12:27:00,4.54,60.96,111.12,311.51,3,Right,6,0,0,0,5,1,50,50,0,10,40,0,0,NA,NA,NA,NA,NA,Bölkow Blohm 105,-23.182139710878985,-73.63610232957124,-23.182139710878985,-73.63610232957124,HUMAN_OBSERVATION
8,1,1,8_1_1,-71.497833,-14.203,-71.600833,-14.020667,1998-02-15T12:07:00Z,1998-02-15T12:10:00Z,12:07:00,NA,NA,60.96,111.12,311.51,6.91,Left,11,0,0,0,1,10,97,50,47,50,0,0,0,-2.6,15.2,fair,no,high,Bölkow Blohm 105,-14.112078943508148,-71.54935492986351,-14.112078943508148,-71.54935492986351,HUMAN_OBSERVATION
8,1,1,8_1_1,-71.497833,-14.203,-71.600833,-14.020667,1998-02-15T12:07:00Z,1998-02-15T12:10:00Z,NA,NA,NA,60.96,111.12,311.51,6.91,Right,8,0,3,2,2,1,97,50,47,50,0,0,0,-2.6,15.2,fair,no,high,Bölkow Blohm 105,-14.112078943508148,-71.54935492986351,-14.112078943508148,-71.54935492986351,HUMAN_OBSERVATION
8,1,2,8_1_2,-71.497833,-14.203,-71.600833,-14.020667,1998-02-15T12:10:00Z,1998-02-15T12:12:00Z,NA,NA,9.86,60.96,111.12,311.51,4.59,Left,0,0,0,0,0,0,98,45,53,45,0,0,0,NA,NA,NA,NA,NA,Bölkow Blohm 105,-14.112078943508148,-71.54935492986351,-14.112078943508148,-71.54935492986351,HUMAN_OBSERVATION
8,1,2,8_1_2,-71.497833,-14.203,-71.600833,-14.020667,1998-02-15T12:10:00Z,1998-02-15T12:12:00Z,NA,12:12:00,9.86,60.96,111.12,311.51,4.59,Right,5,2,3,0,0,0,98,45,53,45,0,0,0,NA,NA,NA,NA,NA,Bölkow Blohm 105,-14.112078943508148,-71.54935492986351,-14.112078943508148,-71.54935492986351,HUMAN_OBSERVATION
8,2,1,8_2_1,-71.600833,-14.020667,-71.625167,-14.246,1998-02-15T12:12:00Z,1998-02-15T12:13:00Z,12:12:00,NA,13.12,60.96,111.12,311.51,1.54,Left,0,0,0,0,0,0,99,35,65,35,0,0,0,NA,NA,NA,NA,NA,Bölkow Blohm 105,-14.133261571796524,-71.61303318795541,-14.133261571796524,-71.61303318795541,HUMAN_OBSERVATION
8,2,1,8_2_1,-71.600833,-14.020667,-71.625167,-14.246,1998-02-15T12:12:00Z,1998-02-15T12:13:00Z,NA,12:13:00,13.12,60.96,111.12,311.51,1.54,Right,1,0,0,0,1,0,99,35,65,35,0,0,0,NA,NA,NA,NA,NA,Bölkow Blohm 105,-14.133261571796524,-71.61303318795541,-14.133261571796524,-71.61303318795541,HUMAN_OBSERVATION
8,3,1,8_3_1,-71.625167,-14.246,-71.753333,-14.563,1998-02-15T12:15:00Z,1998-02-15T12:16:30Z,12:15:00,NA,NA,60.96,111.12,311.51,8.24,Left,3,0,0,1,0,2,69,36,33,36,0,0,0,NA,NA,NA,NA,NA,Bölkow Blohm 105,-14.403964659172239,-71.68931564780104,-14.403964659172239,-71.68931564780104,HUMAN_OBSERVATION
8,3,1,8_3_1,-71.625167,-14.246,-71.753333,-14.563,1998-02-15T12:15:00Z,1998-02-15T12:16:30Z,NA,NA,NA,60.96,111.12,311.51,8.24,Right,4,1,2,0,0,1,69,36,33,36,0,0,0,NA,NA,NA,NA,NA,Bölkow Blohm 105,-14.403964659172239,-71.68931564780104,-14.403964659172239,-71.68931564780104,HUMAN_OBSERVATION
8,3,2,8_3_2,-71.625167,-14.246,-71.753333,-14.563,1998-02-15T12:16:30Z,1998-02-15T12:18:00Z,NA,NA,NA,60.96,111.12,311.51,8.24,Left,6,3,0,0,2,1,70,40,30,40,0,0,0,NA,NA,NA,NA,NA,Bölkow Blohm 105,-14.403964659172239,-71.68931564780104,-14.403964659172239,-71.68931564780104,HUMAN_OBSERVATION
8,3,2,8_3_2,-71.625167,-14.246,-71.753333,-14.563,1998-02-15T12:16:30Z,1998-02-15T12:18:00Z,NA,NA,NA,60.96,111.12,311.51,8.24,Right,7,0,0,1,4,2,70,40,30,40,0,0,0,NA,NA,NA,NA,NA,Bölkow Blohm 105,-14.403964659172239,-71.68931564780104,-14.403964659172239,-71.68931564780104,HUMAN_OBSERVATION
8,3,3,8_3_3,-71.625167,-14.246,-71.753333,-14.563,1998-02-15T12:18:00Z,1998-02-15T12:23:00Z,NA,NA,8.35,60.96,111.12,311.51,1.65,Left,2,0,0,1,0,1,96,48,48,48,0,0,0,NA,NA,NA,NA,NA,Bölkow Blohm 105,-14.403964659172239,-71.68931564780104,-14.403964659172239,-71.68931564780104,HUMAN_OBSERVATION
8,3,3,8_3_3,-71.625167,-14.246,-71.753333,-14.563,1998-02-15T12:18:00Z,1998-02-15T12:23:00Z,NA,12:23:00,8.35,60.96,111.12,311.51,1.65,Right,0,0,0,0,0,0,96,48,48,48,0,0,0,NA,NA,NA,NA,NA,Bölkow Blohm 105,-14.403964659172239,-71.68931564780104,-14.403964659172239,-71.68931564780104,HUMAN_OBSERVATION
8,4,1,8_4_1,-71.753333,-14.563,-71.731167,-14.862167,1998-02-15T12:23:00Z,1998-02-15T12:25:30Z,12:23:00,NA,NA,60.96,111.12,311.51,7.17,Left,16,7,0,6,3,0,98,53,45,53,0,0,0,NA,NA,NA,NA,NA,Bölkow Blohm 105,-14.712671149448688,-71.74230813881296,-14.712671149448688,-71.74230813881296,HUMAN_OBSERVATION
8,4,1,8_4_1,-71.753333,-14.563,-71.731167,-14.862167,1998-02-15T12:23:00Z,1998-02-15T12:25:30Z,NA,NA,NA,60.96,111.12,311.51,7.17,Right,7,0,1,3,3,0,98,53,45,53,0,0,0,NA,NA,NA,NA,NA,Bölkow Blohm 105,-14.712671149448688,-71.74230813881296,-14.712671149448688,-71.74230813881296,HUMAN_OBSERVATION
8,4,2,8_4_2,-71.753333,-14.563,-71.731167,-14.862167,1998-02-15T12:25:30Z,1998-02-15T12:27:00Z,NA,NA,18.04,60.96,111.12,311.51,3.59,Left,1,1,0,0,0,0,75,37,38,37,0,0,0,NA,NA,NA,NA,NA,Bölkow Blohm 105,-14.712671149448688,-71.74230813881296,-14.712671149448688,-71.74230813881296,HUMAN_OBSERVATION
8,4,2,8_4_2,-71.753333,-14.563,-71.731167,-14.862167,1998-02-15T12:25:30Z,1998-02-15T12:27:00Z,NA,12:27:00,18.04,60.96,111.12,311.51,3.59,Right,2,0,0,0,2,0,75,37,38,37,0,0,0,NA,NA,NA,NA,NA,Bölkow Blohm 105,-14.712671149448688,-71.74230813881296,-14.712671149448688,-71.74230813881296,HUMAN_OBSERVATION
8,5,1,8_5_1,-71.731167,-14.862167,-71.736333,-14.955833,1998-02-15T12:27:00Z,1998-02-15T12:28:00Z,12:27:00,NA,10.7,60.96,111.12,311.51,3.33,Left,7,2,0,4,1,0,90,45,45,45,0,0,0,NA,NA,NA,NA,NA,Bölkow Blohm 105,-14.908993607556676,-71.73375570106185,-14.908993607556676,-71.73375570106185,HUMAN_OBSERVATION
8,5,1,8_5_1,-71.731167,-14.862167,-71.736333,-14.955833,1998-02-15T12:27:00Z,1998-02-15T12:28:00Z,NA,12:28:00,10.7,60.96,111.12,311.51,3.33,Right,0,0,0,0,0,0,90,45,45,45,0,0,0,NA,NA,NA,NA,NA,Bölkow Blohm 105,-14.908993607556676,-71.73375570106185,-14.908993607556676,-71.73375570106185,HUMAN_OBSERVATION
8,6,1,8_6_1,-71.736333,-14.955833,-71.556,-14.219,1998-02-15T12:30:00Z,1998-02-15T12:33:00Z,12:30:00,NA,NA,60.96,111.12,311.51,5.46,Left,3,0,0,2,0,1,28,18,10,18,0,0,0,NA,NA,NA,NA,NA,Bölkow Blohm 105,-14.585670064688948,-71.64652115575913,-14.585670064688948,-71.64652115575913,HUMAN_OBSERVATION
8,6,1,8_6_1,-71.736333,-14.955833,-71.556,-14.219,1998-02-15T12:30:00Z,1998-02-15T12:33:00Z,NA,NA,NA,60.96,111.12,311.51,5.46,Right,1,1,0,0,0,0,28,18,10,18,0,0,0,NA,NA,NA,NA,NA,Bölkow Blohm 105,-14.585670064688948,-71.64652115575913,-14.585670064688948,-71.64652115575913,HUMAN_OBSERVATION
8,6,2,8_6_2,-71.736333,-14.955833,-71.556,-14.219,1998-02-15T12:33:00Z,1998-02-15T12:36:00Z,NA,NA,NA,60.96,111.12,311.51,5.46,Left,0,0,0,0,0,0,14,10,4,10,0,0,0,NA,NA,NA,NA,NA,Bölkow Blohm 105,-14.585670064688948,-71.64652115575913,-14.585670064688948,-71.64652115575913,HUMAN_OBSERVATION
8,6,2,8_6_2,-71.736333,-14.955833,-71.556,-14.219,1998-02-15T12:33:00Z,1998-02-15T12:36:00Z,NA,NA,NA,60.96,111.12,311.51,5.46,Right,0,0,0,0,0,0,14,10,4,10,0,0,0,NA,NA,NA,NA,NA,Bölkow Blohm 105,-14.585670064688948,-71.64652115575913,-14.585670064688948,-71.64652115575913,HUMAN_OBSERVATION
8,6,3,8_6_3,-71.736333,-14.955833,-71.556,-14.219,1998-02-15T12:36:00Z,1998-02-15T12:39:00Z,NA,NA,NA,60.96,111.12,311.51,5.46,Left,0,0,0,0,0,0,22,13,9,13,0,0,0,NA,NA,NA,NA,NA,Bölkow Blohm 105,-14.585670064688948,-71.64652115575913,-14.585670064688948,-71.64652115575913,HUMAN_OBSERVATION
8,6,3,8_6_3,-71.736333,-14.955833,-71.556,-14.219,1998-02-15T12:36:00Z,1998-02-15T12:39:00Z,NA,NA,NA,60.96,111.12,311.51,5.46,Right,1,0,0,1,0,0,22,13,9,13,0,0,0,NA,NA,NA,NA,NA,Bölkow Blohm 105,-14.585670064688948,-71.64652115575913,-14.585670064688948,-71.64652115575913,HUMAN_OBSERVATION
8,6,4,8_6_4,-71.736333,-14.955833,-71.556,-14.219,1998-02-15T12:39:00Z,1998-02-15T12:42:00Z,NA,NA,NA,60.96,111.12,311.51,5.46,Left,1,0,0,1,0,0,28,15,13,15,0,0,0,NA,NA,NA,NA,NA,Bölkow Blohm 105,-14.585670064688948,-71.64652115575913,-14.585670064688948,-71.64652115575913,HUMAN_OBSERVATION
8,6,4,8_6_4,-71.736333,-14.955833,-71.556,-14.219,1998-02-15T12:39:00Z,1998-02-15T12:42:00Z,NA,NA,NA,60.96,111.12,311.51,5.46,Right,2,0,0,1,1,0,28,15,13,15,0,0,0,NA,NA,NA,NA,NA,Bölkow Blohm 105,-14.585670064688948,-71.64652115575913,-14.585670064688948,-71.64652115575913,HUMAN_OBSERVATION
8,6,5,8_6_5,-71.736333,-14.955833,-71.556,-14.219,1998-02-15T12:42:00Z,1998-02-15T12:45:00Z,NA,NA,NA,60.96,111.12,311.51,5.46,Left,1,0,0,1,0,0,13,10,3,10,0,0,0,NA,NA,NA,NA,NA,Bölkow Blohm 105,-14.585670064688948,-71.64652115575913,-14.585670064688948,-71.64652115575913,HUMAN_OBSERVATION
8,6,5,8_6_5,-71.736333,-14.955833,-71.556,-14.219,1998-02-15T12:42:00Z,1998-02-15T12:45:00Z,NA,NA,NA,60.96,111.12,311.51,5.46,Right,0,0,0,0,0,0,13,10,3,10,0,0,0,NA,NA,NA,NA,NA,Bölkow Blohm 105,-14.585670064688948,-71.64652115575913,-14.585670064688948,-71.64652115575913,HUMAN_OBSERVATION
8,6,6,8_6_6,-71.736333,-14.955833,-71.556,-14.219,1998-02-15T12:45:00Z,1998-02-15T12:48:00Z,NA,NA,NA,60.96,111.12,311.51,5.46,Left,0,0,0,0,0,0,41,25,16,25,0,0,0,NA,NA,NA,NA,NA,Bölkow Blohm 105,-14.585670064688948,-71.64652115575913,-14.585670064688948,-71.64652115575913,HUMAN_OBSERVATION
8,6,6,8_6_6,-71.736333,-14.955833,-71.556,-14.219,1998-02-15T12:45:00Z,1998-02-15T12:48:00Z,NA,NA,NA,60.96,111.12,311.51,5.46,Right,0,0,0,0,0,0,41,25,16,25,0,0,0,NA,NA,NA,NA,NA,Bölkow Blohm 105,-14.585670064688948,-71.64652115575913,-14.585670064688948,-71.64652115575913,HUMAN_OBSERVATION
8,6,7,8_6_7,-71.556,-14.219,-71.556,-14.219,1998-02-15T12:48:00Z,1998-02-15T12:51:00Z,NA,NA,NA,60.96,111.12,311.51,4.63,Left,1,0,0,0,0,1,22,13,9,13,0,0,0,NA,NA,NA,NA,NA,Bölkow Blohm 105,-14.219,-71.556,-14.219,-71.556,HUMAN_OBSERVATION
8,6,7,8_6_7,-71.556,-14.219,-71.556,-14.219,1998-02-15T12:48:00Z,1998-02-15T12:51:00Z,NA,NA,NA,60.96,111.12,311.51,4.63,Right,0,0,0,0,0,0,22,13,9,13,0,0,0,NA,NA,NA,NA,NA,Bölkow Blohm 105,-14.219,-71.556,-14.219,-71.556,HUMAN_OBSERVATION
8,6,8,8_6_8,-71.556,-14.219,-71.511167,-14.025167,1998-02-15T12:51:00Z,1998-02-15T12:53:00Z,NA,NA,3.31,60.96,111.12,311.51,3.85,Left,3,1,2,0,0,0,48,18,30,18,0,0,0,NA,NA,NA,NA,NA,Bölkow Blohm 105,-14.121970031179778,-71.53360816954785,-14.121970031179778,-71.53360816954785,HUMAN_OBSERVATION
8,6,8,8_6_8,-71.556,-14.219,-71.511167,-14.025167,1998-02-15T12:51:00Z,1998-02-15T12:53:00Z,NA,12:53:00,3.31,60.96,111.12,311.51,3.85,Right,5,0,0,1,4,0,48,18,30,18,0,0,0,NA,NA,NA,NA,NA,Bölkow Blohm 105,-14.121970031179778,-71.53360816954785,-14.121970031179778,-71.53360816954785,HUMAN_OBSERVATION
9,1,1,9_1_1,-70.757,-10.564167,-70.708,-10.521667,1998-02-19T12:27:00Z,1998-02-19T12:30:00Z,12:27:00,12:30:00,41.1,60.96,111.12,311.51,5.69,Right,24,5,5,0,6,8,30,14,16,14,0,0,0,-0.8,10.8,excellent,yes,high,Bell Long Ranger II,-10.542891024484986,-70.73250126135511,-10.542891024484986,-70.73250126135511,HUMAN_OBSERVATION
9,2,1,9_2_1,-70.708,-10.521667,-70.7015,-10.688333,1998-02-19T12:31:00Z,1998-02-19T12:34:00Z,12:31:00,12:34:00,41.1,60.96,111.12,311.51,6.19,Right,18,0,0,5,3,10,28,16,12,16,0,0,0,NA,NA,NA,NA,NA,Bell Long Ranger II,-10.605013491618488,-70.7047689144945,-10.605013491618488,-70.7047689144945,HUMAN_OBSERVATION
9,3,1,9_3_1,-70.7015,-10.688333,-70.745833,-10.6985,1998-02-19T12:36:00Z,1998-02-19T12:40:00Z,12:36:00,NA,5.66,60.96,111.12,311.51,4.24,Right,89,14,58,11,2,4,83,40,43,40,0,0,0,NA,NA,NA,NA,NA,Bell Long Ranger II,-10.693410880678423,-70.72366659732099,-10.693410880678423,-70.72366659732099,HUMAN_OBSERVATION
9,3,2,9_3_2,-70.7015,-10.688333,-70.745833,-10.6985,1998-02-19T12:36:00Z,1998-02-19T12:40:00Z,NA,12:40:00,6.16,60.96,111.12,311.51,0.7,Right,9,0,0,4,5,0,83,40,43,40,0,0,0,NA,NA,NA,NA,NA,Bell Long Ranger II,-10.693410880678423,-70.72366659732099,-10.693410880678423,-70.72366659732099,HUMAN_OBSERVATION
9,4,1,9_4_1,-70.745833,-10.6985,-70.7385,-10.858,1998-02-19T12:40:00Z,1998-02-19T12:44:00Z,12:40:00,NA,4.94,60.96,111.12,311.51,5.28,Right,33,2,6,2,19,4,99,57,43,57,0,0,0,NA,NA,NA,NA,NA,Bell Long Ranger II,-10.778264596789418,-70.74218379475242,-10.778264596789418,-70.74218379475242,HUMAN_OBSERVATION
9,4,2,9_4_2,-70.745833,-10.6985,-70.7385,-10.858,1998-02-19T12:40:00Z,1998-02-19T12:44:00Z,NA,12:44:00,5.9,60.96,111.12,311.51,0.89,Right,3,1,0,2,0,0,99,57,43,57,0,0,0,NA,NA,NA,NA,NA,Bell Long Ranger II,-10.778264596789418,-70.74218379475242,-10.778264596789418,-70.74218379475242,HUMAN_OBSERVATION
9,5,1,9_5_1,-70.7385,-10.858,-70.636,-10.831333,1998-02-19T12:47:00Z,1998-02-19T12:49:30Z,12:47:00,NA,NA,60.96,111.12,311.51,4.93,Right,33,0,5,3,1,24,43,18,25,18,0,0,0,NA,NA,NA,NA,NA,Bell Long Ranger II,-10.844632492413579,-70.68725062911639,-10.844632492413579,-70.68725062911639,HUMAN_OBSERVATION
9,5,2,9_5_2,-70.7385,-10.858,-70.636,-10.831333,1998-02-19T12:49:30Z,1998-02-19T12:51:00Z,NA,NA,NA,60.96,111.12,311.51,4.93,Right,3,0,0,0,0,3,18,9,9,9,0,0,0,NA,NA,NA,NA,NA,Bell Long Ranger II,-10.844632492413579,-70.68725062911639,-10.844632492413579,-70.68725062911639,HUMAN_OBSERVATION
9,5,3,9_5_3,-70.7385,-10.858,-70.636,-10.831333,1998-02-19T12:51:00Z,1998-02-19T12:53:00Z,NA,12:53:00,11.43,60.96,111.12,311.51,1.65,Right,0,0,0,0,0,0,18,10,8,10,0,0,0,NA,NA,NA,NA,NA,Bell Long Ranger II,-10.844632492413579,-70.68725062911639,-10.844632492413579,-70.68725062911639,HUMAN_OBSERVATION
9,6,1,9_6_1,-70.636,-10.831333,-70.646333,-11.014,1998-02-19T12:56:00Z,1998-02-19T12:58:00Z,12:56:00,NA,NA,60.96,111.12,311.51,5.87,Right,4,2,0,1,0,1,21,13,8,13,0,0,0,NA,NA,NA,NA,NA,Bell Long Ranger II,-10.922643076863901,-70.64118928467117,-10.922643076863901,-70.64118928467117,HUMAN_OBSERVATION
9,6,2,9_6_2,-70.636,-10.831333,-70.646333,-11.014,1998-02-19T12:58:00Z,1998-02-19T13:00:00Z,NA,13:00:00,6.83,60.96,111.12,311.51,0.98,Right,0,0,0,0,0,0,8,4,4,4,0,0,0,NA,NA,NA,NA,NA,Bell Long Ranger II,-10.922643076863901,-70.64118928467117,-10.922643076863901,-70.64118928467117,HUMAN_OBSERVATION
9,7,1,9_7_1,-70.646333,-11.014,-70.741167,-10.9895,1998-02-19T13:00:00Z,1998-02-19T13:02:00Z,13:00:00,NA,NA,60.96,111.12,311.51,4.85,Right,0,0,0,0,0,0,11,7,4,7,0,0,0,NA,NA,NA,NA,NA,Bell Long Ranger II,-11.0017789178503,-70.69375053259851,-11.0017789178503,-70.69375053259851,HUMAN_OBSERVATION
9,7,2,9_7_2,-70.646333,-11.014,-70.741167,-10.9895,1998-02-19T13:02:00Z,1998-02-19T13:04:30Z,NA,NA,NA,60.96,111.12,311.51,4.85,Right,9,2,3,1,3,0,65,34,31,34,0,0,0,NA,NA,NA,NA,NA,Bell Long Ranger II,-11.0017789178503,-70.69375053259851,-11.0017789178503,-70.69375053259851,HUMAN_OBSERVATION
9,7,3,9_7_3,-70.646333,-11.014,-70.741167,-10.9895,1998-02-19T13:04:30Z,1998-02-19T13:07:00Z,NA,13:07:00,10.58,60.96,111.12,311.51,0.81,Right,8,0,6,0,2,0,90,50,40,50,0,0,0,NA,NA,NA,NA,NA,Bell Long Ranger II,-11.0017789178503,-70.69375053259851,-11.0017789178503,-70.69375053259851,HUMAN_OBSERVATION
9,8,1,9_8_1,-70.741167,-10.9895,-70.772333,-11.214,1998-02-19T13:08:00Z,1998-02-19T13:11:00Z,13:08:00,NA,NA,60.96,111.12,311.51,5.41,Right,4,0,1,0,0,3,72,39,33,39,0,0,0,NA,NA,NA,NA,NA,Bell Long Ranger II,-11.101662608686665,-70.75678425290522,-11.101662608686665,-70.75678425290522,HUMAN_OBSERVATION
9,8,2,9_8_2,-70.741167,-10.9895,-70.772333,-11.214,1998-02-19T13:11:00Z,1998-02-19T13:13:00Z,NA,13:13:00,8.92,60.96,111.12,311.51,3.59,Right,5,0,0,1,1,3,93,43,50,43,0,0,0,NA,NA,NA,NA,NA,Bell Long Ranger II,-11.101662608686665,-70.75678425290522,-11.101662608686665,-70.75678425290522,HUMAN_OBSERVATION
9,9,1,9_9_1,-70.772333,-11.214,-70.711,-11.216667,1998-02-19T13:15:00Z,1998-02-19T13:17:00Z,13:15:00,NA,NA,60.96,111.12,311.51,5.15,Right,8,4,0,2,1,1,52,27,25,27,0,0,0,NA,NA,NA,NA,NA,Bell Long Ranger II,-11.215335541360785,-70.74166655646327,-11.215335541360785,-70.74166655646327,HUMAN_OBSERVATION
9,9,2,9_9_2,-70.772333,-11.214,-70.711,-11.216667,1998-02-19T13:17:00Z,1998-02-19T13:19:00Z,NA,13:19:00,6.82,60.96,111.12,311.51,1.72,Right,0,0,0,0,0,0,30,15,15,15,0,0,0,NA,NA,NA,NA,NA,Bell Long Ranger II,-11.215335541360785,-70.74166655646327,-11.215335541360785,-70.74166655646327,HUMAN_OBSERVATION
9,10,1,9_10_1,-70.711,-11.216667,-70.736833,-11.477167,1998-02-19T13:22:00Z,1998-02-19T13:42:00Z,13:22:00,NA,NA,60.96,111.12,311.51,6.02,Right,7,1,5,1,0,0,17,8,9,8,0,0,0,NA,NA,NA,NA,NA,Bell Long Ranger II,-11.346833101666391,-70.72396267680499,-11.346833101666391,-70.72396267680499,HUMAN_OBSERVATION
9,10,2,9_10_2,-70.711,-11.216667,-70.736833,-11.477167,1998-02-19T13:42:00Z,1998-02-19T13:26:00Z,NA,13:26:00,9.98,60.96,111.12,311.51,4,Right,1,1,0,0,0,0,32,19,13,19,0,0,0,NA,NA,NA,NA,NA,Bell Long Ranger II,-11.346833101666391,-70.72396267680499,-11.346833101666391,-70.72396267680499,HUMAN_OBSERVATION
9,11,1,9_11_1,-70.736833,-11.477167,-70.8365,-11.449167,1998-02-19T13:28:00Z,1998-02-19T13:31:00Z,13:28:00,NA,NA,60.96,111.12,311.51,5.59,Right,7,1,2,2,1,1,41,19,23,19,0,0,0,NA,NA,NA,NA,NA,Bell Long Ranger II,-11.463201914836256,-70.78666716797267,-11.463201914836256,-70.78666716797267,HUMAN_OBSERVATION
9,11,2,9_11_2,-70.736833,-11.477167,-70.8365,-11.449167,1998-02-19T13:31:00Z,1998-02-19T13:34:00Z,NA,13:34:00,11.12,60.96,111.12,311.51,5.59,Right,16,1,0,6,1,8,47,23,24,23,0,0,0,NA,NA,NA,NA,NA,Bell Long Ranger II,-11.463201914836256,-70.78666716797267,-11.463201914836256,-70.78666716797267,HUMAN_OBSERVATION
10,1,1,10_1_1,-70.8365,-11.449167,-70.887,-11.714,1998-02-19T14:23:00Z,1998-02-19T14:26:00Z,14:23:00,NA,NA,60.96,111.12,311.51,5.61,Right,14,0,4,5,4,1,82,43,39,43,0,0,0,-1.1,9,NA,NA,NA,Bell Long Ranger II,-11.581415464293082,-70.86179746191304,-11.581415464293082,-70.86179746191304,HUMAN_OBSERVATION
10,1,2,10_1_2,-70.8365,-11.449167,-70.887,-11.714,1998-02-19T14:26:00Z,1998-02-19T14:29:00Z,NA,14:29:00,11.16,60.96,111.12,311.51,5.61,Right,12,1,0,1,0,10,36,18,18,18,0,0,0,NA,NA,NA,NA,NA,Bell Long Ranger II,-11.581415464293082,-70.86179746191304,-11.581415464293082,-70.86179746191304,HUMAN_OBSERVATION
10,2,1,10_2_1,-70.887,-11.714,-70.820667,-11.766667,1998-02-19T14:29:00Z,1998-02-19T14:32:00Z,14:29:00,NA,NA,60.96,111.12,311.51,5.09,Right,46,0,2,5,16,23,43,26,17,26,0,0,0,NA,NA,NA,NA,NA,Bell Long Ranger II,-11.740377374445773,-70.85383543643084,-11.740377374445773,-70.85383543643084,HUMAN_OBSERVATION
10,2,2,10_2_2,-70.887,-11.714,-70.820667,-11.766667,1998-02-19T14:32:00Z,1998-02-19T14:35:00Z,NA,14:35:00,7.62,60.96,111.12,311.51,2.56,Right,2,0,0,0,2,0,14,9,5,9,0,0,0,NA,NA,NA,NA,NA,Bell Long Ranger II,-11.740377374445773,-70.85383543643084,-11.740377374445773,-70.85383543643084,HUMAN_OBSERVATION
10,3,1,10_3_1,-70.820667,-11.766667,-70.836667,-11.917833,1998-02-19T14:38:00Z,1998-02-19T14:41:00Z,14:38:00,14:41:00,5.8,60.96,111.12,311.51,5.82,Right,0,0,0,0,0,0,6,5,1,5,0,0,0,NA,NA,NA,NA,NA,Bell Long Ranger II,-11.842219667963281,-70.82868247837447,-11.842219667963281,-70.82868247837447,HUMAN_OBSERVATION
10,4,1,10_4_1,-70.836667,-11.917833,-70.950833,-11.893167,1998-02-19T14:43:00Z,1998-02-19T14:45:00Z,14:43:00,NA,NA,60.96,111.12,311.51,5.89,Right,2,0,0,0,1,1,24,16,8,16,0,0,0,NA,NA,NA,NA,NA,Bell Long Ranger II,-11.905535445218074,-70.89375058851795,-11.905535445218074,-70.89375058851795,HUMAN_OBSERVATION
10,4,2,10_4_2,-70.836667,-11.917833,-70.950833,-11.893167,1998-02-19T14:45:00Z,1998-02-19T14:47:00Z,NA,NA,NA,60.96,111.12,311.51,5.89,Right,49,5,5,10,23,6,83,34,49,34,0,0,0,NA,NA,NA,NA,NA,Bell Long Ranger II,-11.905535445218074,-70.89375058851795,-11.905535445218074,-70.89375058851795,HUMAN_OBSERVATION
10,4,3,10_4_3,-70.836667,-11.917833,-70.950833,-11.893167,1998-02-19T14:47:00Z,1998-02-19T14:49:00Z,NA,14:49:00,12.72,60.96,111.12,311.51,0.98,Right,2,0,0,0,2,0,80,30,50,30,0,0,0,NA,NA,NA,NA,NA,Bell Long Ranger II,-11.905535445218074,-70.89375058851795,-11.905535445218074,-70.89375058851795,HUMAN_OBSERVATION
10,5,1,10_5_1,-70.950833,-11.893167,-70.956167,-12.188333,1998-02-19T14:54:00Z,1998-02-19T14:56:30Z,14:54:00,NA,NA,60.96,111.12,311.51,6.06,Right,4,0,1,0,3,0,74,39,35,39,0,0,0,NA,NA,NA,NA,NA,Bell Long Ranger II,-12.04073011569435,-70.95355867419512,-12.04073011569435,-70.95355867419512,HUMAN_OBSERVATION
10,5,2,10_5_2,-70.950833,-11.893167,-70.956167,-12.188333,1998-02-19T14:56:30Z,1998-02-19T14:59:00Z,NA,14:59:00,10.72,60.96,111.12,311.51,4.72,Right,1,0,0,1,0,0,95,45,50,45,0,0,0,NA,NA,NA,NA,NA,Bell Long Ranger II,-12.04073011569435,-70.95355867419512,-12.04073011569435,-70.95355867419512,HUMAN_OBSERVATION
10,6,1,10_6_1,-70.956167,-12.188333,-70.799667,-12.337167,1998-02-19T15:02:00Z,1998-02-19T15:04:30Z,15:02:00,NA,NA,60.96,111.12,311.51,5.48,Right,1,0,0,1,0,0,49,24,25,24,0,0,0,NA,NA,NA,NA,NA,Bell Long Ranger II,-12.263042921071504,-70.87793230232708,-12.263042921071504,-70.87793230232708,HUMAN_OBSERVATION
10,6,2,10_6_2,-70.956167,-12.188333,-70.799667,-12.337167,1998-02-19T15:07:00Z,1998-02-19T15:07:00Z,NA,NA,NA,60.96,111.12,311.51,5.48,Right,2,1,0,1,0,0,31,16,15,16,0,0,0,NA,NA,NA,NA,NA,Bell Long Ranger II,-12.263042921071504,-70.87793230232708,-12.263042921071504,-70.87793230232708,HUMAN_OBSERVATION
10,6,3,10_6_3,-70.956167,-12.188333,-70.799667,-12.337167,1998-02-19T15:09:30Z,1998-02-19T15:09:30Z,NA,NA,NA,60.96,111.12,311.51,5.48,Right,5,0,2,3,0,0,26,16,10,16,0,0,0,NA,NA,NA,NA,NA,Bell Long Ranger II,-12.263042921071504,-70.87793230232708,-12.263042921071504,-70.87793230232708,HUMAN_OBSERVATION
10,6,4,10_6_4,-70.956167,-12.188333,-70.799667,-12.337167,1998-02-19T15:12:00Z,1998-02-19T15:12:00Z,NA,15:12:00,18.21,60.96,111.12,311.51,1.83,Right,0,0,0,0,0,0,10,10,0,10,0,0,0,NA,NA,NA,NA,NA,Bell Long Ranger II,-12.263042921071504,-70.87793230232708,-12.263042921071504,-70.87793230232708,HUMAN_OBSERVATION
11,1,1,11_1_1,-70.725333,-10.325833,-70.672833,-10.459667,1998-02-20T12:29:00Z,1998-02-20T12:31:00Z,12:29:00,NA,NA,60.96,111.12,311.51,4.59,Left,177,5,2,11,37,122,67,20,47,20,0,0,0,-3.7,2.5,excellent,yes,high,Bölkow Blohm 105,-10.392837476514638,-70.69909523698722,-10.392837476514638,-70.69909523698722,HUMAN_OBSERVATION
11,1,1,11_1_1,-70.725333,-10.325833,-70.672833,-10.459667,1998-02-20T12:29:00Z,1998-02-20T12:31:00Z,NA,NA,NA,60.96,111.12,311.51,4.59,Right,131,34,0,37,28,32,67,20,47,20,0,0,0,-3.7,2.5,excellent,yes,high,Bölkow Blohm 105,-10.392837476514638,-70.69909523698722,-10.392837476514638,-70.69909523698722,HUMAN_OBSERVATION
11,1,2,11_1_2,-70.725333,-10.325833,-70.672833,-10.459667,1998-02-20T12:31:00Z,1998-02-20T12:34:00Z,NA,NA,7.63,60.96,111.12,311.51,3.07,Left,79,4,3,7,32,33,87,25,62,25,0,0,0,NA,NA,NA,NA,NA,Bölkow Blohm 105,-10.392837476514638,-70.69909523698722,-10.392837476514638,-70.69909523698722,HUMAN_OBSERVATION
11,1,2,11_1_2,-70.725333,-10.325833,-70.672833,-10.459667,1998-02-20T12:31:00Z,1998-02-20T12:34:00Z,NA,12:34:00,7.63,60.96,111.12,311.51,3.07,Right,57,7,1,35,14,0,87,25,62,25,0,0,0,NA,NA,NA,NA,NA,Bölkow Blohm 105,-10.392837476514638,-70.69909523698722,-10.392837476514638,-70.69909523698722,HUMAN_OBSERVATION
11,2,1,11_2_1,-70.672833,-10.459667,-70.663167,-10.429167,1998-02-20T12:34:00Z,1998-02-20T12:36:00Z,12:34:00,NA,NA,60.96,111.12,311.51,1.33,Left,96,6,4,5,32,49,90,28,62,28,0,0,0,NA,NA,NA,NA,NA,Bölkow Blohm 105,-10.444413335992236,-70.66800063571898,-10.444413335992236,-70.66800063571898,HUMAN_OBSERVATION
11,2,1,11_2_1,-70.672833,-10.459667,-70.663167,-10.429167,1998-02-20T12:34:00Z,1998-02-20T12:36:00Z,NA,NA,NA,60.96,111.12,311.51,1.33,Right,14,3,11,0,0,0,90,28,62,28,0,0,0,NA,NA,NA,NA,NA,Bölkow Blohm 105,-10.444413335992236,-70.66800063571898,-10.444413335992236,-70.66800063571898,HUMAN_OBSERVATION
11,2,2,11_2_2,-70.672833,-10.459667,-70.663167,-10.429167,1998-02-20T12:36:00Z,1998-02-20T12:38:00Z,NA,NA,1.55,60.96,111.12,311.51,0.22,Left,1,0,0,1,0,0,53,3,50,3,0,0,0,NA,NA,NA,NA,NA,Bölkow Blohm 105,-10.444413335992236,-70.66800063571898,-10.444413335992236,-70.66800063571898,HUMAN_OBSERVATION
11,2,2,11_2_2,-70.672833,-10.459667,-70.663167,-10.429167,1998-02-20T12:36:00Z,1998-02-20T12:38:00Z,NA,12:38:00,1.55,60.96,111.12,311.51,0.22,Right,0,0,0,0,0,0,53,3,50,3,0,0,0,NA,NA,NA,NA,NA,Bölkow Blohm 105,-10.444413335992236,-70.66800063571898,-10.444413335992236,-70.66800063571898,HUMAN_OBSERVATION
11,3,1,11_3_1,-70.663167,-10.429167,-70.7,-10.909833,1998-02-20T12:38:00Z,1998-02-20T12:40:00Z,12:38:00,NA,NA,60.96,111.12,311.51,7.3,Left,67,9,7,1,15,35,70,28,42,28,0,0,0,NA,NA,NA,NA,NA,Bölkow Blohm 105,-10.669279797148278,-70.68174099456778,-10.669279797148278,-70.68174099456778,HUMAN_OBSERVATION
11,3,1,11_3_1,-70.663167,-10.429167,-70.7,-10.909833,1998-02-20T12:38:00Z,1998-02-20T12:40:00Z,NA,NA,NA,60.96,111.12,311.51,7.3,Right,33,5,28,0,0,0,70,28,42,28,0,0,0,NA,NA,NA,NA,NA,Bölkow Blohm 105,-10.669279797148278,-70.68174099456778,-10.669279797148278,-70.68174099456778,HUMAN_OBSERVATION
11,3,2,11_3_2,-70.663167,-10.429167,-70.7,-10.909833,1998-02-20T12:40:00Z,1998-02-20T12:42:00Z,NA,NA,NA,60.96,111.12,311.51,7.3,Left,79,1,14,24,20,20,35,11,24,11,0,0,0,NA,NA,NA,NA,NA,Bölkow Blohm 105,-10.669279797148278,-70.68174099456778,-10.669279797148278,-70.68174099456778,HUMAN_OBSERVATION
11,3,2,11_3_2,-70.663167,-10.429167,-70.7,-10.909833,1998-02-20T12:40:00Z,1998-02-20T12:42:00Z,NA,NA,NA,60.96,111.12,311.51,7.3,Right,10,0,0,0,9,1,35,11,24,11,0,0,0,NA,NA,NA,NA,NA,Bölkow Blohm 105,-10.669279797148278,-70.68174099456778,-10.669279797148278,-70.68174099456778,HUMAN_OBSERVATION
11,3,3,11_3_3,-70.663167,-10.429167,-70.7,-10.909833,1998-02-20T12:42:00Z,1998-02-20T12:45:00Z,NA,NA,18.14,60.96,111.12,311.51,3.65,Left,0,0,0,0,0,0,20,10,10,10,0,0,0,NA,NA,NA,NA,NA,Bölkow Blohm 105,-10.669279797148278,-70.68174099456778,-10.669279797148278,-70.68174099456778,HUMAN_OBSERVATION
11,3,3,11_3_3,-70.663167,-10.429167,-70.7,-10.909833,1998-02-20T12:42:00Z,1998-02-20T12:45:00Z,NA,12:45:00,18.14,60.96,111.12,311.51,3.65,Right,0,0,0,0,0,0,20,10,10,10,0,0,0,NA,NA,NA,NA,NA,Bölkow Blohm 105,-10.669279797148278,-70.68174099456778,-10.669279797148278,-70.68174099456778,HUMAN_OBSERVATION
11,4,1,11_4_1,-70.7,-10.909833,-70.81,-11.699,1998-02-20T12:45:00Z,1998-02-20T12:48:00Z,12:45:00,NA,NA,60.96,111.12,311.51,4.72,Left,11,1,0,3,6,1,46,13,33,13,0,0,0,NA,NA,NA,NA,NA,Bölkow Blohm 105,-11.303332332938526,-70.7554232858742,-11.303332332938526,-70.7554232858742,HUMAN_OBSERVATION
11,4,1,11_4_1,-70.7,-10.909833,-70.81,-11.699,1998-02-20T12:45:00Z,1998-02-20T12:48:00Z,NA,NA,NA,60.96,111.12,311.51,4.72,Right,18,8,1,4,0,5,46,13,33,13,0,0,0,NA,NA,NA,NA,NA,Bölkow Blohm 105,-11.303332332938526,-70.7554232858742,-11.303332332938526,-70.7554232858742,HUMAN_OBSERVATION
11,4,2,11_4_2,-70.7,-10.909833,-70.81,-11.699,1998-02-20T12:48:00Z,1998-02-20T12:51:00Z,NA,NA,NA,60.96,111.12,311.51,4.72,Left,25,0,3,0,14,8,50,19,31,19,0,0,0,NA,NA,NA,NA,NA,Bölkow Blohm 105,-11.303332332938526,-70.7554232858742,-11.303332332938526,-70.7554232858742,HUMAN_OBSERVATION
11,4,2,11_4_2,-70.7,-10.909833,-70.81,-11.699,1998-02-20T12:48:00Z,1998-02-20T12:51:00Z,NA,NA,NA,60.96,111.12,311.51,4.72,Right,11,2,0,7,2,0,50,19,31,19,0,0,0,NA,NA,NA,NA,NA,Bölkow Blohm 105,-11.303332332938526,-70.7554232858742,-11.303332332938526,-70.7554232858742,HUMAN_OBSERVATION
11,4,3,11_4_3,-70.7,-10.909833,-70.81,-11.699,1998-02-20T12:51:00Z,1998-02-20T12:54:00Z,NA,NA,NA,60.96,111.12,311.51,4.72,Left,13,1,0,1,0,11,37,12,25,12,0,0,0,NA,NA,NA,NA,NA,Bölkow Blohm 105,-11.303332332938526,-70.7554232858742,-11.303332332938526,-70.7554232858742,HUMAN_OBSERVATION
11,4,3,11_4_3,-70.7,-10.909833,-70.81,-11.699,1998-02-20T12:51:00Z,1998-02-20T12:54:00Z,NA,NA,NA,60.96,111.12,311.51,4.72,Right,12,1,0,1,8,2,37,12,25,12,0,0,0,NA,NA,NA,NA,NA,Bölkow Blohm 105,-11.303332332938526,-70.7554232858742,-11.303332332938526,-70.7554232858742,HUMAN_OBSERVATION
11,4,4,11_4_4,-70.7,-10.909833,-70.81,-11.699,1998-02-20T12:54:00Z,1998-02-20T12:57:00Z,NA,NA,NA,60.96,111.12,311.51,4.72,Left,49,6,18,6,12,7,35,17,18,17,0,0,0,NA,NA,NA,NA,NA,Bölkow Blohm 105,-11.303332332938526,-70.7554232858742,-11.303332332938526,-70.7554232858742,HUMAN_OBSERVATION
11,4,4,11_4_4,-70.7,-10.909833,-70.81,-11.699,1998-02-20T12:54:00Z,1998-02-20T12:57:00Z,NA,NA,NA,60.96,111.12,311.51,4.72,Right,12,0,3,4,1,4,35,17,18,17,0,0,0,NA,NA,NA,NA,NA,Bölkow Blohm 105,-11.303332332938526,-70.7554232858742,-11.303332332938526,-70.7554232858742,HUMAN_OBSERVATION
11,4,5,11_4_5,-70.7,-10.909833,-70.81,-11.699,1998-02-20T12:57:00Z,1998-02-20T13:00:00Z,NA,NA,NA,60.96,111.12,311.51,4.72,Left,91,13,15,8,3,52,29,10,19,10,0,0,0,NA,NA,NA,NA,NA,Bölkow Blohm 105,-11.303332332938526,-70.7554232858742,-11.303332332938526,-70.7554232858742,HUMAN_OBSERVATION
11,4,5,11_4_5,-70.7,-10.909833,-70.81,-11.699,1998-02-20T12:57:00Z,1998-02-20T13:00:00Z,NA,NA,NA,60.96,111.12,311.51,4.72,Right,81,2,36,9,0,34,29,10,19,10,0,0,0,NA,NA,NA,NA,NA,Bölkow Blohm 105,-11.303332332938526,-70.7554232858742,-11.303332332938526,-70.7554232858742,HUMAN_OBSERVATION
11,4,6,11_4_6,-70.7,-10.909833,-70.81,-11.699,1998-02-20T13:00:00Z,1998-02-20T13:03:00Z,NA,NA,NA,60.96,111.12,311.51,4.72,Left,139,19,6,65,12,37,34,12,22,12,0,0,0,NA,NA,NA,NA,NA,Bölkow Blohm 105,-11.303332332938526,-70.7554232858742,-11.303332332938526,-70.7554232858742,HUMAN_OBSERVATION
11,4,6,11_4_6,-70.7,-10.909833,-70.81,-11.699,1998-02-20T13:00:00Z,1998-02-20T13:03:00Z,NA,NA,NA,60.96,111.12,311.51,4.72,Right,114,19,15,41,27,12,34,12,22,12,0,0,0,NA,NA,NA,NA,NA,Bölkow Blohm 105,-11.303332332938526,-70.7554232858742,-11.303332332938526,-70.7554232858742,HUMAN_OBSERVATION
11,4,7,11_4_7,-70.7,-10.909833,-70.81,-11.699,1998-02-20T13:03:00Z,1998-02-20T13:06:00Z,NA,NA,NA,60.96,111.12,311.51,3.15,Left,22,18,4,0,0,0,28,14,14,14,0,0,0,NA,NA,NA,NA,NA,Bölkow Blohm 105,-11.303332332938526,-70.7554232858742,-11.303332332938526,-70.7554232858742,HUMAN_OBSERVATION
11,4,7,11_4_7,-70.7,-10.909833,-70.81,-11.699,1998-02-20T13:03:00Z,1998-02-20T13:06:00Z,NA,NA,NA,60.96,111.12,311.51,3.15,Right,12,0,2,5,5,0,28,14,14,14,0,0,0,NA,NA,NA,NA,NA,Bölkow Blohm 105,-11.303332332938526,-70.7554232858742,-11.303332332938526,-70.7554232858742,HUMAN_OBSERVATION
11,4,8,11_4_8,-70.81,-11.699,-70.838667,-11.7915,1998-02-20T13:06:00Z,1998-02-20T13:08:00Z,NA,NA,35.76,60.96,111.12,311.51,4.67,Left,39,10,0,14,13,2,43,15,28,15,0,0,0,NA,NA,NA,NA,NA,Bölkow Blohm 105,-11.745216753550475,-70.82433930666429,-11.745216753550475,-70.82433930666429,HUMAN_OBSERVATION
11,4,8,11_4_8,-70.81,-11.699,-70.838667,-11.7915,1998-02-20T13:06:00Z,1998-02-20T13:08:00Z,NA,13:08:00,35.76,60.96,111.12,311.51,4.67,Right,16,0,0,3,5,8,43,15,28,15,0,0,0,NA,NA,NA,NA,NA,Bölkow Blohm 105,-11.745216753550475,-70.82433930666429,-11.745216753550475,-70.82433930666429,HUMAN_OBSERVATION
11,5,1,11_5_1,-70.859167,-11.825333,-71.006167,-11.851833,1998-02-20T13:10:00Z,1998-02-20T13:13:00Z,13:10:00,NA,NA,60.96,111.12,311.51,5.09,Left,149,4,8,21,59,57,66,23,43,23,0,0,0,NA,NA,NA,NA,NA,Bölkow Blohm 105,-11.838533859310008,-70.93266776745548,-11.838533859310008,-70.93266776745548,HUMAN_OBSERVATION
11,5,1,11_5_1,-70.859167,-11.825333,-71.006167,-11.851833,1998-02-20T13:10:00Z,1998-02-20T13:13:00Z,NA,NA,NA,60.96,111.12,311.51,5.09,Right,14,2,6,2,1,3,66,23,43,23,0,0,0,NA,NA,NA,NA,NA,Bölkow Blohm 105,-11.838533859310008,-70.93266776745548,-11.838533859310008,-70.93266776745548,HUMAN_OBSERVATION
11,5,2,11_5_2,-70.859167,-11.825333,-71.006167,-11.851833,1998-02-20T13:13:00Z,1998-02-20T13:16:00Z,NA,NA,NA,60.96,111.12,311.51,5.09,Left,62,3,10,9,22,18,78,39,39,39,0,0,0,NA,NA,NA,NA,NA,Bölkow Blohm 105,-11.838533859310008,-70.93266776745548,-11.838533859310008,-70.93266776745548,HUMAN_OBSERVATION
11,5,2,11_5_2,-70.859167,-11.825333,-71.006167,-11.851833,1998-02-20T13:13:00Z,1998-02-20T13:16:00Z,NA,NA,NA,60.96,111.12,311.51,5.09,Right,29,4,12,5,8,0,78,39,39,39,0,0,0,NA,NA,NA,NA,NA,Bölkow Blohm 105,-11.838533859310008,-70.93266776745548,-11.838533859310008,-70.93266776745548,HUMAN_OBSERVATION
11,5,3,11_5_3,-70.859167,-11.825333,-71.006167,-11.851833,1998-02-20T13:16:00Z,1998-02-20T13:19:00Z,NA,NA,NA,60.96,111.12,311.51,5.09,Left,99,16,8,10,42,23,74,27,47,27,0,0,0,NA,NA,NA,NA,NA,Bölkow Blohm 105,-11.838533859310008,-70.93266776745548,-11.838533859310008,-70.93266776745548,HUMAN_OBSERVATION
11,5,3,11_5_3,-70.859167,-11.825333,-71.006167,-11.851833,1998-02-20T13:16:00Z,1998-02-20T13:19:00Z,NA,NA,NA,60.96,111.12,311.51,5.09,Right,36,0,11,16,9,0,74,27,47,27,0,0,0,NA,NA,NA,NA,NA,Bölkow Blohm 105,-11.838533859310008,-70.93266776745548,-11.838533859310008,-70.93266776745548,HUMAN_OBSERVATION
11,5,4,11_5_4,-70.859167,-11.825333,-71.006167,-11.851833,1998-02-20T13:19:00Z,1998-02-20T13:21:00Z,NA,NA,16.36,60.96,111.12,311.51,1.13,Left,7,0,1,0,5,1,90,40,50,40,0,0,0,NA,NA,NA,NA,NA,Bölkow Blohm 105,-11.838533859310008,-70.93266776745548,-11.838533859310008,-70.93266776745548,HUMAN_OBSERVATION
11,5,4,11_5_4,-70.859167,-11.825333,-71.006167,-11.851833,1998-02-20T13:19:00Z,1998-02-20T13:21:00Z,NA,13:21:00,16.36,60.96,111.12,311.51,1.13,Right,34,9,2,14,9,0,90,40,50,40,0,0,0,NA,NA,NA,NA,NA,Bölkow Blohm 105,-11.838533859310008,-70.93266776745548,-11.838533859310008,-70.93266776745548,HUMAN_OBSERVATION
11,6,1,11_6_1,-71.006167,-11.851833,-70.883667,-12.612667,1998-02-20T13:22:00Z,1998-02-20T13:24:30Z,13:22:00,NA,NA,60.96,111.12,311.51,7.43,Left,88,3,9,11,32,33,52,18,34,18,0,0,0,NA,NA,NA,NA,NA,Bölkow Blohm 105,-12.233426553132071,-70.94530719369153,-12.233426553132071,-70.94530719369153,HUMAN_OBSERVATION
11,6,1,11_6_1,-71.006167,-11.851833,-70.883667,-12.612667,1998-02-20T13:22:00Z,1998-02-20T13:24:30Z,NA,NA,NA,60.96,111.12,311.51,7.43,Right,17,2,0,10,5,0,52,18,34,18,0,0,0,NA,NA,NA,NA,NA,Bölkow Blohm 105,-12.233426553132071,-70.94530719369153,-12.233426553132071,-70.94530719369153,HUMAN_OBSERVATION
11,6,2,11_6_2,-71.006167,-11.851833,-70.883667,-12.612667,1998-02-20T13:24:30Z,1998-02-20T13:27:00Z,NA,NA,NA,60.96,111.12,311.51,7.43,Left,7,0,2,0,0,5,40,16,24,16,0,0,0,NA,NA,NA,NA,NA,Bölkow Blohm 105,-12.233426553132071,-70.94530719369153,-12.233426553132071,-70.94530719369153,HUMAN_OBSERVATION
11,6,2,11_6_2,-71.006167,-11.851833,-70.883667,-12.612667,1998-02-20T13:24:30Z,1998-02-20T13:27:00Z,NA,NA,NA,60.96,111.12,311.51,7.43,Right,4,1,0,0,3,0,40,16,24,16,0,0,0,NA,NA,NA,NA,NA,Bölkow Blohm 105,-12.233426553132071,-70.94530719369153,-12.233426553132071,-70.94530719369153,HUMAN_OBSERVATION
11,6,3,11_6_3,-71.006167,-11.851833,-70.883667,-12.612667,1998-02-20T13:27:00Z,1998-02-20T13:29:30Z,NA,NA,NA,60.96,111.12,311.51,7.43,Left,2,1,0,0,0,1,22,12,10,12,0,0,0,NA,NA,NA,NA,NA,Bölkow Blohm 105,-12.233426553132071,-70.94530719369153,-12.233426553132071,-70.94530719369153,HUMAN_OBSERVATION
11,6,3,11_6_3,-71.006167,-11.851833,-70.883667,-12.612667,1998-02-20T13:27:00Z,1998-02-20T13:29:30Z,NA,NA,NA,60.96,111.12,311.51,7.43,Right,12,0,0,4,8,0,22,12,10,12,0,0,0,NA,NA,NA,NA,NA,Bölkow Blohm 105,-12.233426553132071,-70.94530719369153,-12.233426553132071,-70.94530719369153,HUMAN_OBSERVATION
11,6,4,11_6_4,-71.006167,-11.851833,-70.883667,-12.612667,1998-02-20T13:29:30Z,1998-02-20T13:32:00Z,NA,NA,NA,60.96,111.12,311.51,7.43,Left,2,0,0,0,1,1,60,20,40,20,0,0,0,NA,NA,NA,NA,NA,Bölkow Blohm 105,-12.233426553132071,-70.94530719369153,-12.233426553132071,-70.94530719369153,HUMAN_OBSERVATION
11,6,4,11_6_4,-71.006167,-11.851833,-70.883667,-12.612667,1998-02-20T13:29:30Z,1998-02-20T13:32:00Z,NA,NA,NA,60.96,111.12,311.51,7.43,Right,6,0,1,4,1,0,60,20,40,20,0,0,0,NA,NA,NA,NA,NA,Bölkow Blohm 105,-12.233426553132071,-70.94530719369153,-12.233426553132071,-70.94530719369153,HUMAN_OBSERVATION
11,6,5,11_6_5,-71.006167,-11.851833,-70.883667,-12.612667,1998-02-20T13:32:00Z,1998-02-20T13:34:00Z,NA,NA,30.78,60.96,111.12,311.51,1.24,Left,7,0,0,0,2,5,80,40,40,40,0,0,0,NA,NA,NA,NA,NA,Bölkow Blohm 105,-12.233426553132071,-70.94530719369153,-12.233426553132071,-70.94530719369153,HUMAN_OBSERVATION
11,6,5,11_6_5,-71.006167,-11.851833,-70.883667,-12.612667,1998-02-20T13:32:00Z,1998-02-20T13:34:00Z,NA,13:34:00,30.78,60.96,111.12,311.51,1.24,Right,0,0,0,0,0,0,80,40,40,40,0,0,0,NA,NA,NA,NA,NA,Bölkow Blohm 105,-12.233426553132071,-70.94530719369153,-12.233426553132071,-70.94530719369153,HUMAN_OBSERVATION
11,7,1,11_7_1,-70.883667,-12.612667,-70.956667,-12.648333,1998-02-20T13:34:00Z,1998-02-20T13:36:30Z,13:34:00,NA,NA,60.96,111.12,311.51,6.19,Left,3,0,2,0,0,1,80,34,46,34,0,0,0,NA,NA,NA,NA,NA,Bölkow Blohm 105,-12.630467179291673,-70.92016793051864,-12.630467179291673,-70.92016793051864,HUMAN_OBSERVATION
11,7,1,11_7_1,-70.883667,-12.612667,-70.956667,-12.648333,1998-02-20T13:34:00Z,1998-02-20T13:36:30Z,NA,NA,NA,60.96,111.12,311.51,6.19,Right,2,0,2,0,0,0,80,34,46,34,0,0,0,NA,NA,NA,NA,NA,Bölkow Blohm 105,-12.630467179291673,-70.92016793051864,-12.630467179291673,-70.92016793051864,HUMAN_OBSERVATION
11,7,2,11_7_2,-70.883667,-12.612667,-70.956667,-12.648333,1998-02-20T13:36:30Z,1998-02-20T13:38:00Z,NA,NA,8.21,60.96,111.12,311.51,2.06,Left,14,0,2,0,12,0,65,30,35,30,0,0,0,NA,NA,NA,NA,NA,Bölkow Blohm 105,-12.630467179291673,-70.92016793051864,-12.630467179291673,-70.92016793051864,HUMAN_OBSERVATION
11,7,2,11_7_2,-70.883667,-12.612667,-70.956667,-12.648333,1998-02-20T13:36:30Z,1998-02-20T13:38:00Z,NA,13:38:00,8.21,60.96,111.12,311.51,2.06,Right,3,0,1,1,1,0,65,30,35,30,0,0,0,NA,NA,NA,NA,NA,Bölkow Blohm 105,-12.630467179291673,-70.92016793051864,-12.630467179291673,-70.92016793051864,HUMAN_OBSERVATION
11,8,1,11_8_1,-70.956667,-12.648333,-70.9355,-12.9125,1998-02-20T13:38:00Z,1998-02-20T13:41:00Z,13:38:00,NA,NA,60.96,111.12,311.51,5.17,Left,5,0,3,0,0,2,76,32,44,32,0,0,0,NA,NA,NA,NA,NA,Bölkow Blohm 105,-12.780487090511892,-70.9461305184773,-12.780487090511892,-70.9461305184773,HUMAN_OBSERVATION
11,8,1,11_8_1,-70.956667,-12.648333,-70.9355,-12.9125,1998-02-20T13:38:00Z,1998-02-20T13:41:00Z,NA,NA,NA,60.96,111.12,311.51,5.17,Right,3,0,0,1,2,0,76,32,44,32,0,0,0,NA,NA,NA,NA,NA,Bölkow Blohm 105,-12.780487090511892,-70.9461305184773,-12.780487090511892,-70.9461305184773,HUMAN_OBSERVATION
11,8,2,11_8_2,-70.956667,-12.648333,-70.9355,-12.9125,1998-02-20T13:41:00Z,1998-02-20T13:44:00Z,NA,NA,9.87,60.96,111.12,311.51,4.74,Left,6,0,0,1,4,1,97,37,60,37,0,0,0,NA,NA,NA,NA,NA,Bölkow Blohm 105,-12.780487090511892,-70.9461305184773,-12.780487090511892,-70.9461305184773,HUMAN_OBSERVATION
11,8,2,11_8_2,-70.956667,-12.648333,-70.9355,-12.9125,1998-02-20T13:41:00Z,1998-02-20T13:44:00Z,NA,13:44:00,9.87,60.96,111.12,311.51,4.74,Right,6,1,0,1,4,0,97,37,60,37,0,0,0,NA,NA,NA,NA,NA,Bölkow Blohm 105,-12.780487090511892,-70.9461305184773,-12.780487090511892,-70.9461305184773,HUMAN_OBSERVATION
11,9,1,11_9_1,-70.9355,-12.9125,-71.051333,-13.313833,1998-02-20T13:45:00Z,1998-02-20T13:48:00Z,13:45:00,NA,NA,60.96,111.12,311.51,6.13,Left,4,0,0,0,0,4,72,28,44,28,0,0,0,NA,NA,NA,NA,NA,Bölkow Blohm 105,-13.112578046422907,-70.99352496086307,-13.112578046422907,-70.99352496086307,HUMAN_OBSERVATION
11,9,1,11_9_1,-70.9355,-12.9125,-71.051333,-13.313833,1998-02-20T13:45:00Z,1998-02-20T13:48:00Z,NA,NA,NA,60.96,111.12,311.51,6.13,Right,9,0,2,6,1,0,72,28,44,28,0,0,0,NA,NA,NA,NA,NA,Bölkow Blohm 105,-13.112578046422907,-70.99352496086307,-13.112578046422907,-70.99352496086307,HUMAN_OBSERVATION
11,9,2,11_9_2,-70.9355,-12.9125,-71.051333,-13.313833,1998-02-20T13:48:00Z,1998-02-20T13:51:00Z,NA,NA,NA,60.96,111.12,311.51,6.13,Left,3,0,2,0,0,1,49,22,27,22,0,0,0,NA,NA,NA,NA,NA,Bölkow Blohm 105,-13.112578046422907,-70.99352496086307,-13.112578046422907,-70.99352496086307,HUMAN_OBSERVATION
11,9,2,11_9_2,-70.9355,-12.9125,-71.051333,-13.313833,1998-02-20T13:48:00Z,1998-02-20T13:51:00Z,NA,NA,NA,60.96,111.12,311.51,6.13,Right,0,0,0,0,0,0,49,22,27,22,0,0,0,NA,NA,NA,NA,NA,Bölkow Blohm 105,-13.112578046422907,-70.99352496086307,-13.112578046422907,-70.99352496086307,HUMAN_OBSERVATION
11,9,3,11_9_3,-70.9355,-12.9125,-71.051333,-13.313833,1998-02-20T13:51:00Z,1998-02-20T13:54:00Z,NA,NA,19.41,60.96,111.12,311.51,6.13,Left,17,2,2,2,4,7,98,50,48,50,0,0,0,NA,NA,NA,NA,NA,Bölkow Blohm 105,-13.112578046422907,-70.99352496086307,-13.112578046422907,-70.99352496086307,HUMAN_OBSERVATION
11,9,3,11_9_3,-70.9355,-12.9125,-71.051333,-13.313833,1998-02-20T13:51:00Z,1998-02-20T13:54:00Z,NA,13:54:00,19.41,60.96,111.12,311.51,6.13,Right,19,3,0,6,7,3,98,50,48,50,0,0,0,NA,NA,NA,NA,NA,Bölkow Blohm 105,-13.112578046422907,-70.99352496086307,-13.112578046422907,-70.99352496086307,HUMAN_OBSERVATION
12,1,1,12_1_1,-71.197333,-12.232833,-71.077667,-12.2125,1998-02-21T11:51:00Z,1998-02-21T11:53:30Z,11:51:00,NA,NA,60.96,111.12,311.51,5.35,Left,12,1,0,0,0,11,28,20,8,20,0,0,0,-2.7,5.7,poor,no,no,Bölkow Blohm 105,-12.222635446661931,-71.13750046924481,-12.222635446661931,-71.13750046924481,HUMAN_OBSERVATION
12,1,1,12_1_1,-71.197333,-12.232833,-71.077667,-12.2125,1998-02-21T11:51:00Z,1998-02-21T11:53:30Z,NA,NA,NA,60.96,111.12,311.51,5.35,Right,4,0,1,0,3,0,28,20,8,20,0,0,0,-2.7,5.7,poor,no,no,Bölkow Blohm 105,-12.222635446661931,-71.13750046924481,-12.222635446661931,-71.13750046924481,HUMAN_OBSERVATION
12,1,2,12_1_2,-71.197333,-12.232833,-71.077667,-12.2125,1998-02-21T11:53:30Z,1998-02-21T11:56:00Z,NA,NA,NA,60.96,111.12,311.51,5.35,Left,1,1,0,0,0,0,13,12,1,12,0,0,0,NA,NA,NA,NA,NA,Bölkow Blohm 105,-12.222635446661931,-71.13750046924481,-12.222635446661931,-71.13750046924481,HUMAN_OBSERVATION
12,1,2,12_1_2,-71.197333,-12.232833,-71.077667,-12.2125,1998-02-21T11:53:30Z,1998-02-21T11:56:00Z,NA,NA,NA,60.96,111.12,311.51,5.35,Right,6,0,0,1,0,5,13,12,1,12,0,0,0,NA,NA,NA,NA,NA,Bölkow Blohm 105,-12.222635446661931,-71.13750046924481,-12.222635446661931,-71.13750046924481,HUMAN_OBSERVATION
12,1,3,12_1_3,-71.197333,-12.232833,-71.077667,-12.2125,1998-02-21T11:56:00Z,1998-02-21T11:58:00Z,NA,NA,13.32,60.96,111.12,311.51,2.67,Left,0,0,0,0,0,0,11,8,3,8,0,0,0,NA,NA,NA,NA,NA,Bölkow Blohm 105,-12.222635446661931,-71.13750046924481,-12.222635446661931,-71.13750046924481,HUMAN_OBSERVATION
12,1,3,12_1_3,-71.197333,-12.232833,-71.077667,-12.2125,1998-02-21T11:56:00Z,1998-02-21T11:58:00Z,NA,11:58:00,13.32,60.96,111.12,311.51,2.67,Right,0,0,0,0,0,0,11,8,3,8,0,0,0,NA,NA,NA,NA,NA,Bölkow Blohm 105,-12.222635446661931,-71.13750046924481,-12.222635446661931,-71.13750046924481,HUMAN_OBSERVATION
12,2,1,12_2_1,-71.077667,-12.2125,-71.001,-12.129,1998-02-21T11:58:00Z,1998-02-21T12:01:00Z,11:58:00,NA,NA,60.96,111.12,311.51,5.83,Left,23,1,2,4,8,8,40,25,15,25,0,0,0,NA,NA,NA,NA,NA,Bölkow Blohm 105,-12.170668754166208,-71.03933825713021,-12.170668754166208,-71.03933825713021,HUMAN_OBSERVATION
12,2,1,12_2_1,-71.077667,-12.2125,-71.001,-12.129,1998-02-21T11:58:00Z,1998-02-21T12:01:00Z,NA,NA,NA,60.96,111.12,311.51,5.83,Right,10,0,0,2,7,1,40,25,15,25,0,0,0,NA,NA,NA,NA,NA,Bölkow Blohm 105,-12.170668754166208,-71.03933825713021,-12.170668754166208,-71.03933825713021,HUMAN_OBSERVATION
12,2,2,12_2_2,-71.077667,-12.2125,-71.001,-12.129,1998-02-21T12:01:00Z,1998-02-21T12:03:00Z,NA,NA,9.04,60.96,111.12,311.51,3.24,Left,6,4,1,1,0,0,23,18,5,18,0,0,0,NA,NA,NA,NA,NA,Bölkow Blohm 105,-12.170668754166208,-71.03933825713021,-12.170668754166208,-71.03933825713021,HUMAN_OBSERVATION
12,2,2,12_2_2,-71.077667,-12.2125,-71.001,-12.129,1998-02-21T12:01:00Z,1998-02-21T12:03:00Z,NA,12:03:00,9.04,60.96,111.12,311.51,3.24,Right,6,0,0,0,6,0,23,18,5,18,0,0,0,NA,NA,NA,NA,NA,Bölkow Blohm 105,-12.170668754166208,-71.03933825713021,-12.170668754166208,-71.03933825713021,HUMAN_OBSERVATION
12,3,1,12_3_1,-71.073333,-12.477333,-71.168333,-12.506,1998-02-21T12:09:00Z,1998-02-21T12:11:30Z,12:09:00,NA,NA,60.96,111.12,311.51,9.13,Left,45,0,23,2,14,6,50,30,20,20,10,0,0,NA,NA,NA,NA,NA,Bölkow Blohm 105,-12.49163177609607,-71.12083367110036,-12.49163177609607,-71.12083367110036,HUMAN_OBSERVATION
12,3,1,12_3_1,-71.073333,-12.477333,-71.168333,-12.506,1998-02-21T12:09:00Z,1998-02-21T12:11:30Z,NA,NA,NA,60.96,111.12,311.51,9.13,Right,30,11,3,11,5,0,50,30,20,20,10,0,0,NA,NA,NA,NA,NA,Bölkow Blohm 105,-12.49163177609607,-71.12083367110036,-12.49163177609607,-71.12083367110036,HUMAN_OBSERVATION
12,3,2,12_3_2,-71.073333,-12.477333,-71.168333,-12.506,1998-02-21T12:11:30Z,1998-02-21T12:13:00Z,NA,NA,10.61,60.96,111.12,311.51,1.52,Left,8,2,0,0,2,4,20,10,10,10,0,0,0,NA,NA,NA,NA,NA,Bölkow Blohm 105,-12.49163177609607,-71.12083367110036,-12.49163177609607,-71.12083367110036,HUMAN_OBSERVATION
12,3,2,12_3_2,-71.073333,-12.477333,-71.168333,-12.506,1998-02-21T12:11:30Z,1998-02-21T12:13:00Z,NA,12:13:00,10.61,60.96,111.12,311.51,1.52,Right,6,0,0,0,6,0,20,10,10,10,0,0,0,NA,NA,NA,NA,NA,Bölkow Blohm 105,-12.49163177609607,-71.12083367110036,-12.49163177609607,-71.12083367110036,HUMAN_OBSERVATION
13,1,1,13_1_1,-72.782333,-19.446667,-72.766,-20.063667,1998-02-22T11:47:00Z,1998-02-22T12:50:00Z,11:47:00,NA,NA,60.96,111.12,311.51,5.13,Left,23,5,1,6,11,0,52,4,48,4,0,0,0,-3.3,4.5,excellent,no,high,Bell Long Ranger II,-19.755308739257128,-72.77440156304962,-19.755308739257128,-72.77440156304962,HUMAN_OBSERVATION
13,1,1,13_1_1,-72.782333,-19.446667,-72.766,-20.063667,1998-02-22T11:47:00Z,1998-02-22T12:50:00Z,NA,NA,NA,60.96,111.12,311.51,5.13,Right,13,0,1,0,0,12,52,4,48,4,0,0,0,-3.3,4.5,excellent,no,high,Bell Long Ranger II,-19.755308739257128,-72.77440156304962,-19.755308739257128,-72.77440156304962,HUMAN_OBSERVATION
13,1,2,13_1_2,-72.782333,-19.446667,-72.766,-20.063667,1998-02-22T12:50:00Z,1998-02-22T12:53:00Z,NA,NA,NA,60.96,111.12,311.51,5.13,Left,5,5,0,0,0,0,44,30,14,14,16,0,0,NA,NA,NA,NA,NA,Bell Long Ranger II,-19.755308739257128,-72.77440156304962,-19.755308739257128,-72.77440156304962,HUMAN_OBSERVATION
13,1,2,13_1_2,-72.782333,-19.446667,-72.766,-20.063667,1998-02-22T12:50:00Z,1998-02-22T12:53:00Z,NA,NA,NA,60.96,111.12,311.51,5.13,Right,12,0,0,0,6,6,44,30,14,14,16,0,0,NA,NA,NA,NA,NA,Bell Long Ranger II,-19.755308739257128,-72.77440156304962,-19.755308739257128,-72.77440156304962,HUMAN_OBSERVATION
13,1,3,13_1_3,-72.782333,-19.446667,-72.766,-20.063667,1998-02-22T12:53:00Z,1998-02-22T12:56:00Z,NA,NA,NA,60.96,111.12,311.51,5.13,Left,13,2,5,4,2,0,30,20,10,10,10,0,0,NA,NA,NA,NA,NA,Bell Long Ranger II,-19.755308739257128,-72.77440156304962,-19.755308739257128,-72.77440156304962,HUMAN_OBSERVATION
13,1,3,13_1_3,-72.782333,-19.446667,-72.766,-20.063667,1998-02-22T12:53:00Z,1998-02-22T12:56:00Z,NA,NA,NA,60.96,111.12,311.51,5.13,Right,3,0,0,2,0,1,30,20,10,10,10,0,0,NA,NA,NA,NA,NA,Bell Long Ranger II,-19.755308739257128,-72.77440156304962,-19.755308739257128,-72.77440156304962,HUMAN_OBSERVATION
13,1,4,13_1_4,-72.782333,-19.446667,-72.766,-20.063667,1998-02-22T12:56:00Z,1998-02-22T11:59:00Z,NA,NA,20.38,60.96,111.12,311.51,5.13,Left,17,9,2,2,1,3,58,33,25,10,23,0,0,NA,NA,NA,NA,NA,Bell Long Ranger II,-19.755308739257128,-72.77440156304962,-19.755308739257128,-72.77440156304962,HUMAN_OBSERVATION
13,1,4,13_1_4,-72.782333,-19.446667,-72.766,-20.063667,1998-02-22T12:56:00Z,1998-02-22T11:59:00Z,NA,11:59:00,20.38,60.96,111.12,311.51,5.13,Right,13,1,1,7,1,3,58,33,25,10,23,0,0,NA,NA,NA,NA,NA,Bell Long Ranger II,-19.755308739257128,-72.77440156304962,-19.755308739257128,-72.77440156304962,HUMAN_OBSERVATION
13,2,1,13_2_1,-72.766,-20.063667,-72.6265,-19.690333,1998-02-22T12:00:00Z,1998-02-22T12:03:00Z,12:00:00,NA,NA,60.96,111.12,311.51,4.98,Left,24,0,1,1,10,12,30,24,6,8,16,0,0,NA,NA,NA,NA,NA,Bell Long Ranger II,-19.876271008907146,-72.69633664401942,-19.876271008907146,-72.69633664401942,HUMAN_OBSERVATION
13,2,1,13_2_1,-72.766,-20.063667,-72.6265,-19.690333,1998-02-22T12:00:00Z,1998-02-22T12:03:00Z,NA,NA,NA,60.96,111.12,311.51,4.98,Right,1,0,0,1,0,0,30,24,6,8,16,0,0,NA,NA,NA,NA,NA,Bell Long Ranger II,-19.876271008907146,-72.69633664401942,-19.876271008907146,-72.69633664401942,HUMAN_OBSERVATION
13,2,2,13_2_2,-72.766,-20.063667,-72.6265,-19.690333,1998-02-22T12:03:00Z,1998-02-22T12:06:00Z,NA,NA,NA,60.96,111.12,311.51,4.98,Left,3,0,0,3,0,0,27,20,7,7,13,0,0,NA,NA,NA,NA,NA,Bell Long Ranger II,-19.876271008907146,-72.69633664401942,-19.876271008907146,-72.69633664401942,HUMAN_OBSERVATION
13,2,2,13_2_2,-72.766,-20.063667,-72.6265,-19.690333,1998-02-22T12:03:00Z,1998-02-22T12:06:00Z,NA,NA,NA,60.96,111.12,311.51,4.98,Right,14,0,0,0,2,12,27,20,7,7,13,0,0,NA,NA,NA,NA,NA,Bell Long Ranger II,-19.876271008907146,-72.69633664401942,-19.876271008907146,-72.69633664401942,HUMAN_OBSERVATION
13,2,3,13_2_3,-72.766,-20.063667,-72.6265,-19.690333,1998-02-22T12:06:00Z,1998-02-22T12:09:00Z,NA,NA,NA,60.96,111.12,311.51,4.98,Left,13,0,3,0,1,9,25,20,5,10,10,0,0,NA,NA,NA,NA,NA,Bell Long Ranger II,-19.876271008907146,-72.69633664401942,-19.876271008907146,-72.69633664401942,HUMAN_OBSERVATION
13,2,3,13_2_3,-72.766,-20.063667,-72.6265,-19.690333,1998-02-22T12:06:00Z,1998-02-22T12:09:00Z,NA,NA,NA,60.96,111.12,311.51,4.98,Right,3,2,1,0,0,0,25,20,5,10,10,0,0,NA,NA,NA,NA,NA,Bell Long Ranger II,-19.876271008907146,-72.69633664401942,-19.876271008907146,-72.69633664401942,HUMAN_OBSERVATION
13,2,4,13_2_4,-72.766,-20.063667,-72.6265,-19.690333,1998-02-22T12:09:00Z,1998-02-22T12:12:00Z,NA,NA,19.81,60.96,111.12,311.51,4.98,Left,5,0,0,1,2,2,31,23,8,13,10,0,0,NA,NA,NA,NA,NA,Bell Long Ranger II,-19.876271008907146,-72.69633664401942,-19.876271008907146,-72.69633664401942,HUMAN_OBSERVATION
13,2,4,13_2_4,-72.766,-20.063667,-72.6265,-19.690333,1998-02-22T12:09:00Z,1998-02-22T12:12:00Z,NA,12:12:00,19.81,60.96,111.12,311.51,4.98,Right,2,1,0,0,1,0,31,23,8,13,10,0,0,NA,NA,NA,NA,NA,Bell Long Ranger II,-19.876271008907146,-72.69633664401942,-19.876271008907146,-72.69633664401942,HUMAN_OBSERVATION
13,3,1,13_3_1,-72.6265,-19.690333,-72.625,-18.973333,1998-02-22T12:14:00Z,1998-02-22T12:17:00Z,12:14:00,NA,NA,60.96,111.12,311.51,5.98,Left,11,0,2,2,6,1,18,12,5,6,6,0,0,NA,NA,NA,NA,NA,Bell Long Ranger II,-19.331818010597807,-72.62606982468469,-19.331818010597807,-72.62606982468469,HUMAN_OBSERVATION
13,3,1,13_3_1,-72.6265,-19.690333,-72.625,-18.973333,1998-02-22T12:14:00Z,1998-02-22T12:17:00Z,NA,NA,NA,60.96,111.12,311.51,5.98,Right,0,0,0,0,0,0,18,12,5,6,6,0,0,NA,NA,NA,NA,NA,Bell Long Ranger II,-19.331818010597807,-72.62606982468469,-19.331818010597807,-72.62606982468469,HUMAN_OBSERVATION
13,3,2,13_3_2,-72.6265,-19.690333,-72.625,-18.973333,1998-02-22T12:17:00Z,1998-02-22T12:20:00Z,NA,NA,NA,60.96,111.12,311.51,5.98,Left,0,0,0,0,0,0,9,6,3,5,1,0,0,NA,NA,NA,NA,NA,Bell Long Ranger II,-19.331818010597807,-72.62606982468469,-19.331818010597807,-72.62606982468469,HUMAN_OBSERVATION
13,3,2,13_3_2,-72.6265,-19.690333,-72.625,-18.973333,1998-02-22T12:17:00Z,1998-02-22T12:20:00Z,NA,NA,NA,60.96,111.12,311.51,5.98,Right,2,0,2,0,0,0,9,6,3,5,1,0,0,NA,NA,NA,NA,NA,Bell Long Ranger II,-19.331818010597807,-72.62606982468469,-19.331818010597807,-72.62606982468469,HUMAN_OBSERVATION
13,3,3,13_3_3,-72.6265,-19.690333,-72.625,-18.973333,1998-02-22T12:20:00Z,1998-02-22T12:23:00Z,NA,NA,NA,60.96,111.12,311.51,5.98,Left,9,2,1,0,1,5,12,10,2,5,5,0,0,NA,NA,NA,NA,NA,Bell Long Ranger II,-19.331818010597807,-72.62606982468469,-19.331818010597807,-72.62606982468469,HUMAN_OBSERVATION
13,3,3,13_3_3,-72.6265,-19.690333,-72.625,-18.973333,1998-02-22T12:20:00Z,1998-02-22T12:23:00Z,NA,NA,NA,60.96,111.12,311.51,5.98,Right,3,3,0,0,0,0,12,10,2,5,5,0,0,NA,NA,NA,NA,NA,Bell Long Ranger II,-19.331818010597807,-72.62606982468469,-19.331818010597807,-72.62606982468469,HUMAN_OBSERVATION
13,3,4,13_3_4,-72.6265,-19.690333,-72.625,-18.973333,1998-02-22T12:23:00Z,1998-02-22T12:26:00Z,NA,NA,23.79,60.96,111.12,311.51,5.98,Left,21,0,0,2,9,10,14,7,7,7,0,0,0,NA,NA,NA,NA,NA,Bell Long Ranger II,-19.331818010597807,-72.62606982468469,-19.331818010597807,-72.62606982468469,HUMAN_OBSERVATION
13,3,4,13_3_4,-72.6265,-19.690333,-72.625,-18.973333,1998-02-22T12:23:00Z,1998-02-22T12:26:00Z,NA,12:26:00,23.79,60.96,111.12,311.51,5.98,Right,0,0,0,0,0,0,14,7,7,7,0,0,0,NA,NA,NA,NA,NA,Bell Long Ranger II,-19.331818010597807,-72.62606982468469,-19.331818010597807,-72.62606982468469,HUMAN_OBSERVATION
13,4,1,13_4_1,-72.625,-18.973333,-72.541333,-18.374833,1998-02-22T12:28:00Z,1998-02-22T12:31:00Z,12:28:00,NA,NA,60.96,111.12,311.51,5.52,Left,16,1,0,3,1,11,36,25,11,8,17,0,0,NA,NA,NA,NA,NA,Bell Long Ranger II,-18.673386921885374,-72.58338990944671,-18.673386921885374,-72.58338990944671,HUMAN_OBSERVATION
13,4,1,13_4_1,-72.625,-18.973333,-72.541333,-18.374833,1998-02-22T12:28:00Z,1998-02-22T12:31:00Z,NA,NA,NA,60.96,111.12,311.51,5.52,Right,28,0,3,0,12,13,36,25,11,8,17,0,0,NA,NA,NA,NA,NA,Bell Long Ranger II,-18.673386921885374,-72.58338990944671,-18.673386921885374,-72.58338990944671,HUMAN_OBSERVATION
13,4,2,13_4_2,-72.625,-18.973333,-72.541333,-18.374833,1998-02-22T12:31:00Z,1998-02-22T12:34:00Z,NA,NA,NA,60.96,111.12,311.51,5.52,Left,35,2,5,2,9,17,28,21,7,7,14,0,0,NA,NA,NA,NA,NA,Bell Long Ranger II,-18.673386921885374,-72.58338990944671,-18.673386921885374,-72.58338990944671,HUMAN_OBSERVATION
13,4,2,13_4_2,-72.625,-18.973333,-72.541333,-18.374833,1998-02-22T12:31:00Z,1998-02-22T12:34:00Z,NA,NA,NA,60.96,111.12,311.51,5.52,Right,19,0,0,2,12,5,28,21,7,7,14,0,0,NA,NA,NA,NA,NA,Bell Long Ranger II,-18.673386921885374,-72.58338990944671,-18.673386921885374,-72.58338990944671,HUMAN_OBSERVATION
13,4,3,13_4_3,-72.625,-18.973333,-72.541333,-18.374833,1998-02-22T12:34:00Z,1998-02-22T12:37:00Z,NA,NA,NA,60.96,111.12,311.51,5.52,Left,53,1,0,3,27,22,40,31,9,9,22,0,0,NA,NA,NA,NA,NA,Bell Long Ranger II,-18.673386921885374,-72.58338990944671,-18.673386921885374,-72.58338990944671,HUMAN_OBSERVATION
13,4,3,13_4_3,-72.625,-18.973333,-72.541333,-18.374833,1998-02-22T12:34:00Z,1998-02-22T12:37:00Z,NA,NA,NA,60.96,111.12,311.51,5.52,Right,17,4,1,1,10,1,40,31,9,9,22,0,0,NA,NA,NA,NA,NA,Bell Long Ranger II,-18.673386921885374,-72.58338990944671,-18.673386921885374,-72.58338990944671,HUMAN_OBSERVATION
13,4,4,13_4_4,-72.625,-18.973333,-72.541333,-18.374833,1998-02-22T12:37:00Z,1998-02-22T12:41:00Z,NA,NA,21.97,60.96,111.12,311.51,5.52,Left,8,0,2,5,0,1,36,26,10,13,13,0,0,NA,NA,NA,NA,NA,Bell Long Ranger II,-18.673386921885374,-72.58338990944671,-18.673386921885374,-72.58338990944671,HUMAN_OBSERVATION
13,4,4,13_4_4,-72.625,-18.973333,-72.541333,-18.374833,1998-02-22T12:37:00Z,1998-02-22T12:41:00Z,NA,12:41:00,21.97,60.96,111.12,311.51,5.52,Right,22,0,0,6,15,1,36,26,10,13,13,0,0,NA,NA,NA,NA,NA,Bell Long Ranger II,-18.673386921885374,-72.58338990944671,-18.673386921885374,-72.58338990944671,HUMAN_OBSERVATION
13,5,1,13_5_1,-72.541333,-18.374833,-72.531667,-18.729,1998-02-22T12:44:00Z,1998-02-22T12:47:00Z,12:44:00,NA,NA,60.96,111.12,311.51,6.7,Left,29,2,10,13,1,3,22,14,8,9,5,0,0,NA,NA,NA,NA,NA,Bell Long Ranger II,-18.55196395187815,-72.53657838688707,-18.55196395187815,-72.53657838688707,HUMAN_OBSERVATION
13,5,1,13_5_1,-72.541333,-18.374833,-72.531667,-18.729,1998-02-22T12:44:00Z,1998-02-22T12:47:00Z,NA,NA,NA,60.96,111.12,311.51,6.7,Right,6,0,0,0,0,6,22,14,8,9,5,0,0,NA,NA,NA,NA,NA,Bell Long Ranger II,-18.55196395187815,-72.53657838688707,-18.55196395187815,-72.53657838688707,HUMAN_OBSERVATION
13,5,2,13_5_2,-72.541333,-18.374833,-72.531667,-18.729,1998-02-22T12:47:00Z,1998-02-22T12:50:00Z,NA,NA,11.86,60.96,111.12,311.51,5.11,Left,6,0,2,1,1,2,8,5,3,5,0,0,0,NA,NA,NA,NA,NA,Bell Long Ranger II,-18.55196395187815,-72.53657838688707,-18.55196395187815,-72.53657838688707,HUMAN_OBSERVATION
13,5,10,13_5_10,-72.541333,-18.374833,-72.531667,-18.729,1998-02-22T12:53:00Z,1998-02-22T12:56:00Z,NA,12:56:00,11.86,60.96,111.12,311.51,5.11,Right,10,0,0,10,0,0,8,5,3,5,0,0,0,NA,NA,NA,NA,NA,Bell Long Ranger II,-18.55196395187815,-72.53657838688707,-18.55196395187815,-72.53657838688707,HUMAN_OBSERVATION
